{
	"biome": "minecraft:hell",
	"generationWeight": 10,
	"useDefaultDecorations": true,
	"isSubBiome": false,
	"blocks": {
		"surface": {
			"block": "minecraft:netherrack"
		},
		"liquid": {
			"block": "minecraft:lava"
		},
		"subsurface": {
			"block": "minecraft:netherrack"
		}
	},
	"entities": [
		{
			"spawnWeight": 50,
			"minimumGroupCount": 4,
			"maximumGroupCount": 4,
			"entity": "minecraft:ghast"
		}, 
		{
			"spawnWeight": 100,
			"minimumGroupCount": 4,
			"maximumGroupCount": 4,
			"entity": "minecraft:zombie_pigman"
		}, 
		{
			"spawnWeight": 2,
			"minimumGroupCount": 4,
			"maximumGroupCount": 4,
			"entity": "minecraft:magma_cube"
		}, 
		{
			"spawnWeight": 1,
			"minimumGroupCount": 4,
			"maximumGroupCount": 4,
			"entity": "minecraft:enderman"
		}, 
		{
			"spawnWeight": 10,
			"minimumGroupCount": 1,
			"maximumGroupCount": 3,
			"entity": "animalium:wild_dog"
		}, 
		{
			"spawnWeight": 1,
			"minimumGroupCount": 1,
			"maximumGroupCount": 1,
			"entity": "animalium:bear"
		}, 
		{
			"spawnWeight": 10,
			"minimumGroupCount": 1,
			"maximumGroupCount": 3,
			"entity": "animalium:rat"
		}, 
		{
			"spawnWeight": 1,
			"minimumGroupCount": 1,
			"maximumGroupCount": 1,
			"entity": "emberroot:slime"
		}, 
		{
			"spawnWeight": 1,
			"minimumGroupCount": 1,
			"maximumGroupCount": 1,
			"entity": "emberroot:rootsonespriteling"
		}, 
		{
			"spawnWeight": 20,
			"minimumGroupCount": 10,
			"maximumGroupCount": 30,
			"entity": "rezombiesv15ver1122jar:netherzombie"
		}, 
		{
			"spawnWeight": 1,
			"minimumGroupCount": 1,
			"maximumGroupCount": 1,
			"entity": "mutantbeasts:mutant_enderman"
		}, 
		{
			"spawnWeight": 5,
			"minimumGroupCount": 1,
			"maximumGroupCount": 2,
			"entity": "minecraft:blaze"
		}, 
		{
			"spawnWeight": 4,
			"minimumGroupCount": 1,
			"maximumGroupCount": 2,
			"entity": "quark:foxhound"
		}, 
		{
			"spawnWeight": 60,
			"minimumGroupCount": 4,
			"maximumGroupCount": 6,
			"entity": "quark:wraith"
		}, 
		{
			"spawnWeight": 50,
			"minimumGroupCount": 4,
			"maximumGroupCount": 8,
			"entity": "mob_mash:mothman"
		}, 
		{
			"spawnWeight": 100,
			"minimumGroupCount": 4,
			"maximumGroupCount": 12,
			"entity": "mob_mash:slagmite"
		}, 
		{
			"spawnWeight": 16,
			"minimumGroupCount": 3,
			"maximumGroupCount": 10,
			"entity": "rezombiesv15ver1122jar:survivor"
		}, 
		{
			"spawnWeight": 1,
			"minimumGroupCount": 2,
			"maximumGroupCount": 4,
			"entity": "mob_mash:nomad"
		}, 
		{
			"spawnWeight": 100,
			"minimumGroupCount": 5,
			"maximumGroupCount": 10,
			"entity": "betternether:firefly"
		}, 
		{
			"spawnWeight": 100,
			"minimumGroupCount": 3,
			"maximumGroupCount": 3,
			"entity": "primitivemobs:skeleton_warrior"
		}, 
		{
			"spawnWeight": 20,
			"minimumGroupCount": 1,
			"maximumGroupCount": 1,
			"entity": "primitivemobs:treasure_slime"
		}, 
		{
			"spawnWeight": 70,
			"minimumGroupCount": 1,
			"maximumGroupCount": 1,
			"entity": "primitivemobs:haunted_tool"
		}, 
		{
			"spawnWeight": 100,
			"minimumGroupCount": 1,
			"maximumGroupCount": 1,
			"entity": "multimob:dummy"
		}, 
		{
			"spawnWeight": 100,
			"minimumGroupCount": 1,
			"maximumGroupCount": 1,
			"entity": "primitivemobs:goblin"
		}, 
		{
			"spawnWeight": 10,
			"minimumGroupCount": 1,
			"maximumGroupCount": 1,
			"entity": "primitivemobs:festive_creeper"
		}, 
		{
			"spawnWeight": 100,
			"minimumGroupCount": 1,
			"maximumGroupCount": 1,
			"entity": "primitivemobs:bewitched_tome"
		}, 
		{
			"spawnWeight": 10,
			"minimumGroupCount": 1,
			"maximumGroupCount": 1,
			"entity": "primitivemobs:void_eye"
		}, 
		{
			"spawnWeight": 10,
			"minimumGroupCount": 1,
			"maximumGroupCount": 1,
			"entity": "primitivemobs:blazing_juggernaut"
		}, 
		{
			"spawnWeight": 10,
			"minimumGroupCount": 1,
			"maximumGroupCount": 1,
			"entity": "primitivemobs:festive_creeper"
		}, 
		{
			"spawnWeight": 5,
			"minimumGroupCount": 1,
			"maximumGroupCount": 1,
			"entity": "primitivemobs:trollager"
		}, 
		{
			"spawnWeight": 50,
			"minimumGroupCount": 1,
			"maximumGroupCount": 1,
			"entity": "primitivemobs:rocket_creeper"
		}, 
		{
			"spawnWeight": 25,
			"minimumGroupCount": 1,
			"maximumGroupCount": 1,
			"entity": "primitivemobs:trollager"
		}, 
		{
			"spawnWeight": 20,
			"minimumGroupCount": 1,
			"maximumGroupCount": 1,
			"entity": "primitivemobs:bewitched_tome"
		}, 
		{
			"spawnWeight": 30,
			"minimumGroupCount": 1,
			"maximumGroupCount": 1,
			"entity": "primitivemobs:support_creeper"
		}, 
		{
			"spawnWeight": 40,
			"minimumGroupCount": 1,
			"maximumGroupCount": 1,
			"entity": "primitivemobs:mother_spider"
		}, 
		{
			"spawnWeight": 100,
			"minimumGroupCount": 1,
			"maximumGroupCount": 3,
			"entity": "primitivemobs:harpy"
		}, 
		{
			"spawnWeight": 50,
			"minimumGroupCount": 3,
			"maximumGroupCount": 3,
			"entity": "primitivemobs:goblin"
		}, 
		{
			"spawnWeight": 4,
			"minimumGroupCount": 1,
			"maximumGroupCount": 1,
			"entity": "primitivemobs:lost_miner"
		}, 
		{
			"spawnWeight": 50,
			"minimumGroupCount": 1,
			"maximumGroupCount": 1,
			"entity": "multimob:dummy"
		}, 
		{
			"spawnWeight": 25,
			"minimumGroupCount": 1,
			"maximumGroupCount": 1,
			"entity": "primitivemobs:traveling_merchant"
		}, 
		{
			"spawnWeight": 100,
			"minimumGroupCount": 1,
			"maximumGroupCount": 2,
			"entity": "primitivemobs:dodo"
		}, 
		{
			"spawnWeight": 40,
			"minimumGroupCount": 1,
			"maximumGroupCount": 2,
			"entity": "primitivemobs:sheepman"
		}, 
		{
			"spawnWeight": 50,
			"minimumGroupCount": 1,
			"maximumGroupCount": 1,
			"entity": "multimob:dummy"
		}, 
		{
			"spawnWeight": 100,
			"minimumGroupCount": 1,
			"maximumGroupCount": 1,
			"entity": "primitivemobs:flame_spewer"
		}, 
		{
			"spawnWeight": 50,
			"minimumGroupCount": 1,
			"maximumGroupCount": 1,
			"entity": "multimob:dummy"
		}, 
		{
			"spawnWeight": 100,
			"minimumGroupCount": 1,
			"maximumGroupCount": 1,
			"entity": "primitivemobs:flame_spewer"
		}
	],
	"traits": [
		{
			"generationAttempts": 8,
			"generationStage": "decoration",
			"generationProbability": 1.0,
			"minimumGenerationHeight": 4,
			"blockToTarget": {
				"block": "minecraft:netherrack"
			},
			"blockToSpawn": {
				"block": "minecraft:flowing_lava"
			},
			"randomizeGenerationAttempts": false,
			"trait": "libraryex:fluid",
			"maximumGenerationHeight": 124,
			"generateFalling": false
		}, 
		{
			"generationAttempts": 10,
			"generationStage": "decoration",
			"generationProbability": 1.0,
			"minimumGenerationHeight": 4,
			"blockToSpawn": {
				"block": "minecraft:fire"
			},
			"blockToTarget": {
				"block": "minecraft:netherrack"
			},
			"randomizeGenerationAttempts": true,
			"trait": "libraryex:scatter",
			"maximumGenerationHeight": 124,
			"placement": "on_ground"
		}, 
		{
			"generationAttempts": 10,
			"generationStage": "decoration",
			"generationProbability": 1.0,
			"minimumGenerationHeight": 4,
			"blockToSpawn": {
				"block": "minecraft:glowstone"
			},
			"randomizeGenerationAttempts": true,
			"trait": "libraryex:cluster",
			"maximumGenerationHeight": 124,
			"blockToAttachTo": {
				"block": "minecraft:netherrack"
			},
			"direction": "down"
		}, 
		{
			"generationAttempts": 10,
			"generationStage": "decoration",
			"generationProbability": 1.0,
			"minimumGenerationHeight": 1,
			"blockToSpawn": {
				"block": "minecraft:glowstone"
			},
			"randomizeGenerationAttempts": false,
			"trait": "libraryex:cluster",
			"maximumGenerationHeight": 128,
			"blockToAttachTo": {
				"block": "minecraft:netherrack"
			},
			"direction": "down"
		}, 
		{
			"generationAttempts": 16,
			"generationStage": "decoration",
			"generationProbability": 1.0,
			"minimumGenerationHeight": 10,
			"blockToTarget": {
				"block": "minecraft:netherrack"
			},
			"blockToSpawn": {
				"block": "minecraft:flowing_lava"
			},
			"randomizeGenerationAttempts": false,
			"trait": "libraryex:fluid",
			"maximumGenerationHeight": 118,
			"generateFalling": true
		}, 
		{
			"generationAttempts": 1,
			"generationStage": "plant_decoration",
			"generationProbability": 0.25,
			"minimumGenerationHeight": 1,
			"blockToSpawn": {
				"block": "minecraft:brown_mushroom"
			},
			"blockToTarget": {
				"block": "minecraft:netherrack"
			},
			"randomizeGenerationAttempts": false,
			"trait": "libraryex:scatter",
			"maximumGenerationHeight": 128,
			"placement": "on_ground"
		}, 
		{
			"generationAttempts": 1,
			"generationStage": "plant_decoration",
			"generationProbability": 0.25,
			"minimumGenerationHeight": 1,
			"blockToSpawn": {
				"block": "minecraft:red_mushroom"
			},
			"blockToTarget": {
				"block": "minecraft:netherrack"
			},
			"randomizeGenerationAttempts": false,
			"trait": "libraryex:scatter",
			"maximumGenerationHeight": 128,
			"placement": "on_ground"
		}, 
		{
			"generationAttempts": 16,
			"generationStage": "ore",
			"generationProbability": 1.0,
			"minimumGenerationHeight": 10,
			"veinSize": 14,
			"blockToSpawn": {
				"block": "minecraft:quartz_ore"
			},
			"randomizeGenerationAttempts": false,
			"blockToReplace": {
				"block": "minecraft:netherrack"
			},
			"trait": "libraryex:ore",
			"maximumGenerationHeight": 108
		}, 
		{
			"generationAttempts": 4,
			"generationStage": "ore",
			"generationProbability": 1.0,
			"minimumGenerationHeight": 28,
			"veinSize": 32,
			"blockToSpawn": {
				"block": "minecraft:magma"
			},
			"randomizeGenerationAttempts": false,
			"blockToReplace": {
				"block": "minecraft:netherrack"
			},
			"trait": "libraryex:ore",
			"maximumGenerationHeight": 38
		}, 
		{
			"generationAttempts": 8,
			"generationStage": "ore",
			"generationProbability": 1.0,
			"minimumGenerationHeight": 10,
			"veinSize": 7,
			"blockToSpawn": {
				"block": "netherex:amethyst_ore"
			},
			"randomizeGenerationAttempts": false,
			"blockToReplace": {
				"block": "minecraft:netherrack"
			},
			"trait": "libraryex:ore",
			"maximumGenerationHeight": 108
		}, 
		{
			"generationAttempts": 1,
			"generationStage": "structure",
			"generationProbability": 0.25,
			"structureType": "ground",
			"minimumGenerationHeight": 32,
			"clearancePercentage": 0.75,
			"randomizeGenerationAttempts": false,
			"structures": [
				"netherex:pigtificate_village/tiny_pigtificate_village"
			],
			"trait": "libraryex:structure",
			"maximumGenerationHeight": 118,
			"ignoredBlock": {
				"block": "minecraft:structure_void"
			}
		}
	],
	"subBiomes": []
}