{
	"biome": "minecraft:plains",
	"generationWeight": 8,
	"useDefaultDecorations": true,
	"isSubBiome": false,
	"blocks": {},
	"entities": [
		{
			"spawnWeight": 100,
			"minimumGroupCount": 4,
			"maximumGroupCount": 4,
			"entity": "minecraft:spider"
		}, 
		{
			"spawnWeight": 95,
			"minimumGroupCount": 4,
			"maximumGroupCount": 4,
			"entity": "minecraft:zombie"
		}, 
		{
			"spawnWeight": 5,
			"minimumGroupCount": 1,
			"maximumGroupCount": 1,
			"entity": "minecraft:zombie_villager"
		}, 
		{
			"spawnWeight": 100,
			"minimumGroupCount": 4,
			"maximumGroupCount": 4,
			"entity": "minecraft:skeleton"
		}, 
		{
			"spawnWeight": 100,
			"minimumGroupCount": 4,
			"maximumGroupCount": 4,
			"entity": "minecraft:creeper"
		}, 
		{
			"spawnWeight": 100,
			"minimumGroupCount": 4,
			"maximumGroupCount": 4,
			"entity": "minecraft:slime"
		}, 
		{
			"spawnWeight": 10,
			"minimumGroupCount": 1,
			"maximumGroupCount": 4,
			"entity": "minecraft:enderman"
		}, 
		{
			"spawnWeight": 5,
			"minimumGroupCount": 1,
			"maximumGroupCount": 1,
			"entity": "minecraft:witch"
		}, 
		{
			"spawnWeight": 10,
			"minimumGroupCount": 1,
			"maximumGroupCount": 3,
			"entity": "animalium:wild_dog"
		}, 
		{
			"spawnWeight": 1,
			"minimumGroupCount": 1,
			"maximumGroupCount": 1,
			"entity": "animalium:bear"
		}, 
		{
			"spawnWeight": 10,
			"minimumGroupCount": 1,
			"maximumGroupCount": 3,
			"entity": "animalium:rat"
		}, 
		{
			"spawnWeight": 80,
			"minimumGroupCount": 1,
			"maximumGroupCount": 1,
			"entity": "quark:stoneling"
		}, 
		{
			"spawnWeight": 30,
			"minimumGroupCount": 1,
			"maximumGroupCount": 2,
			"entity": "quark:dweller"
		}, 
		{
			"spawnWeight": 30,
			"minimumGroupCount": 1,
			"maximumGroupCount": 2,
			"entity": "quark:ashen"
		}, 
		{
			"spawnWeight": 1,
			"minimumGroupCount": 1,
			"maximumGroupCount": 1,
			"entity": "emberroot:withercat"
		}, 
		{
			"spawnWeight": 30,
			"minimumGroupCount": 1,
			"maximumGroupCount": 1,
			"entity": "emberroot:creeper"
		}, 
		{
			"spawnWeight": 1,
			"minimumGroupCount": 1,
			"maximumGroupCount": 1,
			"entity": "emberroot:slime"
		}, 
		{
			"spawnWeight": 17,
			"minimumGroupCount": 2,
			"maximumGroupCount": 5,
			"entity": "emberroot:enderminy"
		}, 
		{
			"spawnWeight": 15,
			"minimumGroupCount": 1,
			"maximumGroupCount": 1,
			"entity": "emberroot:rainbow_golem"
		}, 
		{
			"spawnWeight": 1,
			"minimumGroupCount": 1,
			"maximumGroupCount": 1,
			"entity": "emberroot:rainbowslime"
		}, 
		{
			"spawnWeight": 4,
			"minimumGroupCount": 1,
			"maximumGroupCount": 1,
			"entity": "emberroot:dire_wolf"
		}, 
		{
			"spawnWeight": 15,
			"minimumGroupCount": 1,
			"maximumGroupCount": 1,
			"entity": "emberroot:witherwitch"
		}, 
		{
			"spawnWeight": 20,
			"minimumGroupCount": 1,
			"maximumGroupCount": 3,
			"entity": "emberroot:knight_fallen"
		}, 
		{
			"spawnWeight": 1,
			"minimumGroupCount": 1,
			"maximumGroupCount": 1,
			"entity": "emberroot:rootsonespriteling"
		}, 
		{
			"spawnWeight": 15,
			"minimumGroupCount": 1,
			"maximumGroupCount": 1,
			"entity": "emberroot:skeleton_frozen"
		}, 
		{
			"spawnWeight": 2,
			"minimumGroupCount": 1,
			"maximumGroupCount": 1,
			"entity": "rezombiesv15ver1122jar:zombienotch"
		}, 
		{
			"spawnWeight": 2,
			"minimumGroupCount": 1,
			"maximumGroupCount": 1,
			"entity": "rezombiesv15ver1122jar:zombieminer"
		}, 
		{
			"spawnWeight": 2,
			"minimumGroupCount": 1,
			"maximumGroupCount": 1,
			"entity": "rezombiesv15ver1122jar:zombiecreeper"
		}, 
		{
			"spawnWeight": 2,
			"minimumGroupCount": 1,
			"maximumGroupCount": 1,
			"entity": "rezombiesv15ver1122jar:zombiepirate"
		}, 
		{
			"spawnWeight": 2,
			"minimumGroupCount": 1,
			"maximumGroupCount": 1,
			"entity": "rezombiesv15ver1122jar:zombiepa"
		}, 
		{
			"spawnWeight": 2,
			"minimumGroupCount": 1,
			"maximumGroupCount": 1,
			"entity": "rezombiesv15ver1122jar:zombiecyborg"
		}, 
		{
			"spawnWeight": 2,
			"minimumGroupCount": 1,
			"maximumGroupCount": 1,
			"entity": "rezombiesv15ver1122jar:zombiedwarf"
		}, 
		{
			"spawnWeight": 2,
			"minimumGroupCount": 1,
			"maximumGroupCount": 1,
			"entity": "rezombiesv15ver1122jar:zombieherobrine"
		}, 
		{
			"spawnWeight": 2,
			"minimumGroupCount": 1,
			"maximumGroupCount": 1,
			"entity": "rezombiesv15ver1122jar:zombieking"
		}, 
		{
			"spawnWeight": 2,
			"minimumGroupCount": 1,
			"maximumGroupCount": 1,
			"entity": "rezombiesv15ver1122jar:zombiekinght"
		}, 
		{
			"spawnWeight": 2,
			"minimumGroupCount": 1,
			"maximumGroupCount": 1,
			"entity": "rezombiesv15ver1122jar:discozombie"
		}, 
		{
			"spawnWeight": 2,
			"minimumGroupCount": 1,
			"maximumGroupCount": 1,
			"entity": "rezombiesv15ver1122jar:zombiechef"
		}, 
		{
			"spawnWeight": 1,
			"minimumGroupCount": 1,
			"maximumGroupCount": 1,
			"entity": "mutantbeasts:mutant_enderman"
		}, 
		{
			"spawnWeight": 1,
			"minimumGroupCount": 1,
			"maximumGroupCount": 1,
			"entity": "mutantbeasts:mutant_creeper"
		}, 
		{
			"spawnWeight": 1,
			"minimumGroupCount": 1,
			"maximumGroupCount": 1,
			"entity": "mutantbeasts:mutant_skeleton"
		}, 
		{
			"spawnWeight": 1,
			"minimumGroupCount": 1,
			"maximumGroupCount": 1,
			"entity": "mutantbeasts:mutant_zombie"
		}, 
		{
			"spawnWeight": 8,
			"minimumGroupCount": 1,
			"maximumGroupCount": 1,
			"entity": "cannibalism:wendigo_villager"
		}, 
		{
			"spawnWeight": 1,
			"minimumGroupCount": 1,
			"maximumGroupCount": 1,
			"entity": "chilean_craft:creepinochet"
		}, 
		{
			"spawnWeight": 1,
			"minimumGroupCount": 1,
			"maximumGroupCount": 2,
			"entity": "chilean_craft:espnol"
		}, 
		{
			"spawnWeight": 1,
			"minimumGroupCount": 1,
			"maximumGroupCount": 2,
			"entity": "chilean_craft:espanol2"
		}, 
		{
			"spawnWeight": 1,
			"minimumGroupCount": 1,
			"maximumGroupCount": 1,
			"entity": "chilean_craft:rancagua"
		}, 
		{
			"spawnWeight": 50,
			"minimumGroupCount": 4,
			"maximumGroupCount": 8,
			"entity": "mob_mash:mothman"
		}, 
		{
			"spawnWeight": 75,
			"minimumGroupCount": 2,
			"maximumGroupCount": 4,
			"entity": "mob_mash:reptomaniac"
		}, 
		{
			"spawnWeight": 100,
			"minimumGroupCount": 4,
			"maximumGroupCount": 12,
			"entity": "mob_mash:slagmite"
		}, 
		{
			"spawnWeight": 25,
			"minimumGroupCount": 1,
			"maximumGroupCount": 3,
			"entity": "mob_mash:doppelganger"
		}, 
		{
			"spawnWeight": 50,
			"minimumGroupCount": 2,
			"maximumGroupCount": 5,
			"entity": "mob_mash:cursedtool"
		}, 
		{
			"spawnWeight": 2,
			"minimumGroupCount": 1,
			"maximumGroupCount": 1,
			"entity": "mowziesmobs:grottol"
		}, 
		{
			"spawnWeight": 12,
			"minimumGroupCount": 4,
			"maximumGroupCount": 4,
			"entity": "minecraft:sheep"
		}, 
		{
			"spawnWeight": 10,
			"minimumGroupCount": 4,
			"maximumGroupCount": 4,
			"entity": "minecraft:pig"
		}, 
		{
			"spawnWeight": 10,
			"minimumGroupCount": 4,
			"maximumGroupCount": 4,
			"entity": "minecraft:chicken"
		}, 
		{
			"spawnWeight": 8,
			"minimumGroupCount": 4,
			"maximumGroupCount": 4,
			"entity": "minecraft:cow"
		}, 
		{
			"spawnWeight": 5,
			"minimumGroupCount": 2,
			"maximumGroupCount": 6,
			"entity": "minecraft:horse"
		}, 
		{
			"spawnWeight": 1,
			"minimumGroupCount": 1,
			"maximumGroupCount": 3,
			"entity": "minecraft:donkey"
		}, 
		{
			"spawnWeight": 20,
			"minimumGroupCount": 3,
			"maximumGroupCount": 7,
			"entity": "emberroot:deers"
		}, 
		{
			"spawnWeight": 20,
			"minimumGroupCount": 1,
			"maximumGroupCount": 4,
			"entity": "emberroot:fairies"
		}, 
		{
			"spawnWeight": 5,
			"minimumGroupCount": 1,
			"maximumGroupCount": 1,
			"entity": "emberroot:hero"
		}, 
		{
			"spawnWeight": 15,
			"minimumGroupCount": 1,
			"maximumGroupCount": 1,
			"entity": "emberroot:owl"
		}, 
		{
			"spawnWeight": 10,
			"minimumGroupCount": 2,
			"maximumGroupCount": 4,
			"entity": "emberroot:sprouts"
		}, 
		{
			"spawnWeight": 16,
			"minimumGroupCount": 3,
			"maximumGroupCount": 10,
			"entity": "rezombiesv15ver1122jar:survivor"
		}, 
		{
			"spawnWeight": 1,
			"minimumGroupCount": 1,
			"maximumGroupCount": 1,
			"entity": "chilean_craft:aldeanohuaso"
		}, 
		{
			"spawnWeight": 8,
			"minimumGroupCount": 1,
			"maximumGroupCount": 2,
			"entity": "mob_mash:grizzlybear"
		}, 
		{
			"spawnWeight": 10,
			"minimumGroupCount": 8,
			"maximumGroupCount": 8,
			"entity": "minecraft:bat"
		}, 
		{
			"spawnWeight": 1,
			"minimumGroupCount": 2,
			"maximumGroupCount": 4,
			"entity": "familiarfauna:familiarfauna.butterfly"
		}, 
		{
			"spawnWeight": 10,
			"minimumGroupCount": 4,
			"maximumGroupCount": 4,
			"entity": "minecraft:squid"
		}, 
		{
			"spawnWeight": 100,
			"minimumGroupCount": 3,
			"maximumGroupCount": 3,
			"entity": "primitivemobs:skeleton_warrior"
		}, 
		{
			"spawnWeight": 20,
			"minimumGroupCount": 1,
			"maximumGroupCount": 1,
			"entity": "primitivemobs:treasure_slime"
		}, 
		{
			"spawnWeight": 70,
			"minimumGroupCount": 1,
			"maximumGroupCount": 1,
			"entity": "primitivemobs:haunted_tool"
		}, 
		{
			"spawnWeight": 100,
			"minimumGroupCount": 1,
			"maximumGroupCount": 1,
			"entity": "multimob:dummy"
		}, 
		{
			"spawnWeight": 100,
			"minimumGroupCount": 1,
			"maximumGroupCount": 1,
			"entity": "primitivemobs:goblin"
		}, 
		{
			"spawnWeight": 10,
			"minimumGroupCount": 1,
			"maximumGroupCount": 1,
			"entity": "primitivemobs:festive_creeper"
		}, 
		{
			"spawnWeight": 100,
			"minimumGroupCount": 1,
			"maximumGroupCount": 1,
			"entity": "primitivemobs:bewitched_tome"
		}, 
		{
			"spawnWeight": 10,
			"minimumGroupCount": 1,
			"maximumGroupCount": 1,
			"entity": "primitivemobs:void_eye"
		}, 
		{
			"spawnWeight": 10,
			"minimumGroupCount": 1,
			"maximumGroupCount": 1,
			"entity": "primitivemobs:blazing_juggernaut"
		}, 
		{
			"spawnWeight": 10,
			"minimumGroupCount": 1,
			"maximumGroupCount": 1,
			"entity": "primitivemobs:festive_creeper"
		}, 
		{
			"spawnWeight": 5,
			"minimumGroupCount": 1,
			"maximumGroupCount": 1,
			"entity": "primitivemobs:trollager"
		}, 
		{
			"spawnWeight": 50,
			"minimumGroupCount": 1,
			"maximumGroupCount": 1,
			"entity": "primitivemobs:rocket_creeper"
		}, 
		{
			"spawnWeight": 25,
			"minimumGroupCount": 1,
			"maximumGroupCount": 1,
			"entity": "primitivemobs:trollager"
		}, 
		{
			"spawnWeight": 20,
			"minimumGroupCount": 1,
			"maximumGroupCount": 1,
			"entity": "primitivemobs:bewitched_tome"
		}, 
		{
			"spawnWeight": 30,
			"minimumGroupCount": 1,
			"maximumGroupCount": 1,
			"entity": "primitivemobs:support_creeper"
		}, 
		{
			"spawnWeight": 40,
			"minimumGroupCount": 1,
			"maximumGroupCount": 1,
			"entity": "primitivemobs:mother_spider"
		}, 
		{
			"spawnWeight": 100,
			"minimumGroupCount": 1,
			"maximumGroupCount": 3,
			"entity": "primitivemobs:harpy"
		}, 
		{
			"spawnWeight": 50,
			"minimumGroupCount": 3,
			"maximumGroupCount": 3,
			"entity": "primitivemobs:goblin"
		}, 
		{
			"spawnWeight": 4,
			"minimumGroupCount": 1,
			"maximumGroupCount": 1,
			"entity": "primitivemobs:lost_miner"
		}, 
		{
			"spawnWeight": 50,
			"minimumGroupCount": 1,
			"maximumGroupCount": 1,
			"entity": "multimob:dummy"
		}, 
		{
			"spawnWeight": 25,
			"minimumGroupCount": 1,
			"maximumGroupCount": 1,
			"entity": "primitivemobs:traveling_merchant"
		}, 
		{
			"spawnWeight": 100,
			"minimumGroupCount": 1,
			"maximumGroupCount": 2,
			"entity": "primitivemobs:dodo"
		}, 
		{
			"spawnWeight": 40,
			"minimumGroupCount": 1,
			"maximumGroupCount": 2,
			"entity": "primitivemobs:sheepman"
		}, 
		{
			"spawnWeight": 50,
			"minimumGroupCount": 1,
			"maximumGroupCount": 1,
			"entity": "multimob:dummy"
		}, 
		{
			"spawnWeight": 100,
			"minimumGroupCount": 1,
			"maximumGroupCount": 1,
			"entity": "primitivemobs:flame_spewer"
		}, 
		{
			"spawnWeight": 50,
			"minimumGroupCount": 1,
			"maximumGroupCount": 1,
			"entity": "multimob:dummy"
		}, 
		{
			"spawnWeight": 100,
			"minimumGroupCount": 1,
			"maximumGroupCount": 1,
			"entity": "primitivemobs:flame_spewer"
		}
	],
	"traits": [],
	"subBiomes": []
}