{"stat.pickup.minecraft.bone":1,"stat.leaveGame":15,"stat.drop.minecraft.gunpowder":1,"stat.pickup.extrautils2.redorchid":1,"stat.mineBlock.minecraft.yellow_flower":2,"stat.swimOneCm":43050,"stat.climbOneCm":4467,"stat.mineBlock.minecraft.web":3,"stat.pickup.minecraft.cooked_porkchop":3,"stat.useItem.quark.soul_sandstone_bricks_stairs":56,"stat.pickup.minecraft.porkchop":1,"stat.pickup.lootbags.itemlootbag":5,"stat.useItem.minecraft.stone_slab2":820,"stat.killEntity.primitivemobs.mother_spider":2,"stat.killEntity.primitivemobs.skeleton_warrior":1,"stat.pickup.minecraft.rotten_flesh":1,"stat.drop.animalium.wild_dog_pelt":2,"stat.craftItem.minecraft.furnace":1,"stat.useItem.minecraft.egg":1,"stat.craftItem.minecraft.stone_axe":1,"stat.craftItem.minecraft.iron_boots":1,"stat.pickup.minecraft.pumpkin_pie":19,"stat.entityKilledBy.primitivemobs.skeleton_warrior":1,"stat.pickup.animalium.wild_dog_pelt":2,"stat.craftItem.minecraft.stone_pickaxe":2,"stat.pickup.minecraft.cobblestone":42,"stat.craftItem.minecraft.stone_sword":1,"stat.flyOneCm":4224457,"stat.pickup.chilean_craft.cebollafruit":13,"stat.useItem.glaretorch.itemglaretorchlarge2":5,"stat.pickup.explorercraft.lamb_shank":2,"stat.pickup.minecraft.cactus":2,"stat.pickup.quark.tallow":1,"stat.mineBlock.minecraft.iron_ore":30,"stat.timeSinceDeath":4788,"stat.useItem.minecraft.iron_pickaxe":8,"stat.useItem.minecraft.spawn_egg":1,"stat.craftItem.minecraft.wooden_pickaxe":1,"stat.pickup.minecraft.mutton":2,"stat.pickup.chilean_craft.semillatomate":9,"stat.pickup.minecraft.chainmail_helmet":1,"stat.furnaceInteraction":15,"stat.useItem.minecraft.cooked_porkchop":11,"stat.mineBlock.minecraft.coal_ore":31,"stat.pickup.minecraft.wooden_sword":1,"stat.drop.minecraft.spawn_egg":2,"stat.pickup.minecraft.string":14,"stat.entityKilledBy.primitivemobs.support_creeper":1,"stat.drop.minecraft.log2":1,"stat.pickup.minecraft.beef":14,"stat.pickup.minecraft.furnace":1,"stat.pickup.tombstone.crafting_ingredient":1,"stat.drop.minecraft.cactus":2,"stat.craftItem.minecraft.stone_slab2":0,"stat.sprintOneCm":806661,"stat.craftItem.minecraft.stick":16,"stat.craftItem.minecraft.wooden_axe":1,"stat.useItem.minecraft.stone_slab":4,"stat.mineBlock.minecraft.crafting_table":3,"stat.pickup.minecraft.spawn_egg":1,"stat.deaths":5,"stat.drop":24,"stat.pickup.minecraft.egg":2,"stat.playOneMinute":350359,"stat.useItem.minecraft.wooden_sword":93,"stat.drop.minecraft.string":2,"stat.killEntity.Sheep":2,"stat.pickup.tombstone.grave_key":2,"stat.craftItem.minecraft.iron_pickaxe":1,"stat.pickup.tombstone.lollypop":2,"stat.killEntity.Zombie":1,"stat.killEntity.sandworm":1,"stat.mineBlock.minecraft.tallgrass":48,"stat.diveOneCm":22957,"stat.chestOpened":7,"stat.pickup.minecraft.arrow":5,"stat.pickup.levelup2.skillbook":1,"stat.killEntity.primitivemobs.support_creeper":2,"stat.drop.minecraft.cooked_porkchop":8,"stat.pickup.minecraft.diamond_sword":1,"stat.jump":13223,"stat.pickup.minecraft.coal":43,"stat.fallOneCm":45835,"stat.pickup.minecraft.iron_ingot":4,"stat.drop.minecraft.stone":1,"stat.useItem.minecraft.stone_axe":2,"stat.drop.minecraft.diamond_sword":1,"stat.pickup.minecraft.gunpowder":42,"stat.crouchOneCm":39778,"stat.pickup.minecraft.spider_eye":1,"stat.craftItem.minecraft.torch":4,"stat.craftItem.minecraft.iron_ingot":42,"stat.pickup.minecraft.dirt":10,"stat.craftItem.minecraft.iron_helmet":1,"stat.craftingTableInteraction":15,"stat.pickup.minecraft.iron_ore":32,"stat.entityKilledBy.primitivemobs.haunted_tool":1,"stat.mineBlock.minecraft.glass_pane":2,"stat.damageTaken":2196,"stat.pickup.minecraft.feather":3,"stat.pickup.minecraft.leather":8,"stat.drop.chilean_craft.maizsemilla":1,"stat.mineBlock.minecraft.torch":9,"stat.mineBlock.minecraft.furnace":1,"stat.mineBlock.minecraft.red_flower":1,"stat.useItem.minecraft.wooden_pickaxe":9,"stat.craftItem.minecraft.wooden_sword":1,"stat.pickup.minecraft.wheat_seeds":14,"stat.useItem.minecraft.stone_pickaxe":104,"stat.pickup.chilean_craft.semilaparra":2,"stat.useItem.minecraft.stone_sword":6,"stat.craftItem.minecraft.iron_leggings":1,"stat.damageDealt":7450,"stat.killEntity.Cow":8,"stat.killEntity.primitivemobs.baby_spider":7,"stat.mineBlock.minecraft.dirt":3,"stat.killEntity.Pig":1,"stat.craftItem.minecraft.iron_sword":1,"stat.walkOneCm":366409,"stat.useItem.minecraft.torch":10,"stat.useItem.minecraft.bread":2,"stat.drop.chilean_craft.semillatomate":1,"stat.useItem.minecraft.log":26,"stat.pickup.minecraft.crafting_table":3,"stat.drop.minecraft.tallgrass":1,"stat.useItem.minecraft.cobblestone":1,"stat.craftItem.minecraft.crafting_table":2,"stat.mineBlock.minecraft.double_plant":1,"stat.killEntity.piranha":1,"stat.pickup.minecraft.log":10,"stat.killEntity.survivor":1,"stat.pickup.minecraft.stone":12,"stat.craftItem.minecraft.iron_chestplate":1,"stat.pickup.minecraft.chicken":1,"stat.pickup.chilean_craft.semillauva":1,"stat.drop.minecraft.egg":1,"stat.useItem.minecraft.tallgrass":13,"stat.killEntity.Skeleton":3,"stat.killEntity.wild_dog":1,"stat.pickup.chilean_craft.maizsemilla":8,"stat.mineBlock.minecraft.cactus":1,"stat.craftItem.minecraft.planks":40,"stat.useItem.minecraft.iron_sword":130,"stat.pickup.cannibalism.playerflesh":10,"stat.pickup.minecraft.bread":30,"stat.pickup.minecraft.stone_sword":1,"stat.mobKills":38,"stat.mineBlock.minecraft.log":10,"stat.useItem.carryon.entity_item":20,"stat.mineBlock.minecraft.leaves":4,"stat.pickup.minecraft.torch":10,"stat.pickup.minecraft.red_flower":5,"stat.sneakTime":12178,"stat.pickup.minecraft.wool":1,"stat.useItem.glaretorch.del":14,"stat.pickup.minecraft.cooked_fish":1,"stat.useItem.minecraft.wooden_axe":8,"stat.useItem.futuremc.lantern":14,"stat.mineBlock.minecraft.stone":57}