{"stat.drop.minecraft.stone_pickaxe":1,"stat.pickup.minecraft.bone":2,"stat.useItem.minecraft.iron_axe":85,"stat.leaveGame":2,"stat.mineBlock.minecraft.cobblestone":5,"stat.pickup.armorplus.dusk":1,"stat.pickup.minecraft.stone_pickaxe":1,"stat.craftItem.minecraft.iron_axe":1,"stat.swimOneCm":12449,"stat.useItem.minecraft.planks":1,"stat.craftItem.minecraft.shield":1,"stat.climbOneCm":5478,"stat.pickup.minecraft.cooked_porkchop":2,"stat.mineBlock.ferdinandsflowers.block_cff_desert":6,"stat.pickup.minecraft.porkchop":5,"stat.pickup.lootbags.itemlootbag":11,"stat.pickup.chilean_craft.cuajo":1,"stat.useItem.minecraft.dirt":12,"stat.useItem.minecraft.stone_slab2":15,"stat.killEntity.primitivemobs.mother_spider":1,"stat.craftItem.minecraft.furnace":2,"stat.craftItem.backpack.bound_leather":1,"stat.craftItem.minecraft.stone_axe":1,"stat.entityKilledBy.primitivemobs.rocket_creeper":1,"stat.craftItem.minecraft.iron_boots":1,"stat.useItem.minecraft.iron_ore":1,"stat.craftItem.minecraft.stone_pickaxe":1,"stat.craftItem.minecraft.cooked_beef":21,"stat.pickup.minecraft.cobblestone":69,"stat.flyOneCm":167202,"stat.pickup.minecraft.fish":3,"stat.useItem.minecraft.cooked_beef":7,"stat.pickup.quark.tallow":5,"stat.mineBlock.minecraft.iron_ore":17,"stat.timeSinceDeath":2300,"stat.useItem.minecraft.iron_pickaxe":88,"stat.craftItem.minecraft.wooden_pickaxe":1,"stat.pickup.minecraft.stonebrick":3,"stat.furnaceInteraction":41,"stat.useItem.minecraft.cooked_porkchop":2,"stat.mineBlock.minecraft.coal_ore":42,"stat.pickup.minecraft.string":3,"stat.entityKilledBy.primitivemobs.support_creeper":1,"stat.pickup.tektopia.structure_townhall":1,"stat.pickup.minecraft.beef":25,"stat.pickup.minecraft.furnace":3,"stat.killEntity.cursedtool":5,"stat.craftItem.minecraft.stone_slab2":0,"stat.sprintOneCm":103316,"stat.craftItem.minecraft.stick":16,"stat.mineBlock.minecraft.fence":3,"stat.mineBlock.minecraft.crafting_table":6,"stat.useItem.minecraft.beef":3,"stat.mineBlock.minecraft.oak_stairs":2,"stat.deaths":4,"stat.mineBlock.minecraft.planks":5,"stat.drop":3,"stat.pickup.minecraft.egg":1,"stat.playOneMinute":73630,"stat.drop.tombstone.grave_key":1,"stat.craftItem.minecraft.iron_pickaxe":1,"stat.craftItem.backpack.backpack_frame":1,"stat.mineBlock.minecraft.tallgrass":7,"stat.diveOneCm":26302,"stat.chestOpened":7,"stat.useItem.minecraft.stone":8,"stat.mineBlock.ferdinandsflowers.block_cff_doublesd":1,"stat.pickup.minecraft.gravel":1,"stat.pickup.minecraft.arrow":1,"stat.pickup.minecraft.waterlily":1,"stat.craftItem.minecraft.cooked_porkchop":3,"stat.useItem.minecraft.diamond_axe":3,"stat.mineBlock.minecraft.deadbush":2,"stat.useItem.minecraft.porkchop":2,"stat.pickup.minecraft.diamond_sword":5,"stat.jump":634,"stat.pickup.minecraft.fence":3,"stat.pickup.minecraft.coal":42,"stat.pickup.minecraft.iron_helmet":1,"stat.fallOneCm":11286,"stat.pickup.minecraft.iron_ingot":7,"stat.useItem.minecraft.stone_axe":42,"stat.drop.minecraft.diamond_sword":1,"stat.pickup.minecraft.gunpowder":2,"stat.crouchOneCm":6911,"stat.craftItem.minecraft.torch":16,"stat.craftItem.minecraft.iron_ingot":20,"stat.pickup.minecraft.dirt":11,"stat.pickup.ferdinandsflowers.block_cff_desert":1,"stat.craftingTableInteraction":23,"stat.pickup.minecraft.iron_ore":18,"stat.boatOneCm":50845,"stat.mineBlock.minecraft.leaves2":1,"stat.mineBlock.minecraft.log2":6,"stat.damageTaken":10123,"stat.pickup.minecraft.leather":14,"stat.pickup.minecraft.feather":5,"stat.mineBlock.minecraft.torch":2,"stat.mineBlock.minecraft.furnace":3,"stat.useItem.minecraft.wooden_pickaxe":8,"stat.useItem.minecraft.furnace":1,"stat.pickup.minecraft.log2":6,"stat.entityKilledBy.piranha":1,"stat.pickup.minecraft.planks":5,"stat.pickup.minecraft.bed":3,"stat.pickup.minecraft.oak_stairs":2,"stat.pickup.minecraft.diamond_axe":3,"stat.mineBlock.minecraft.gravel":1,"stat.useItem.minecraft.stone_pickaxe":55,"stat.pickup.chilean_craft.semilaparra":1,"stat.pickup.mob_mash.raw_crocoduck":1,"stat.damageDealt":4195,"stat.killEntity.Cow":11,"stat.mineBlock.minecraft.dirt":2,"stat.killEntity.primitivemobs.baby_spider":1,"stat.useItem.minecraft.crafting_table":2,"stat.killEntity.Pig":2,"stat.walkOneCm":170769,"stat.useItem.minecraft.torch":1,"stat.pickup.minecraft.stick":1,"stat.pickup.minecraft.crafting_table":6,"stat.useItem.minecraft.cobblestone":23,"stat.craftItem.minecraft.crafting_table":1,"stat.killEntity.piranha":1,"stat.craftItem.minecraft.boat":1,"stat.pickup.minecraft.iron_hoe":1,"stat.pickup.ageofweapons.halbert_gold":1,"stat.pickup.minecraft.stone":14,"stat.craftItem.minecraft.iron_chestplate":1,"stat.pickup.minecraft.chicken":3,"stat.pickup.minecraft.cooked_beef":1,"stat.pickup.minecraft.ladder":1,"stat.killEntity.Skeleton":1,"stat.pickup.chilean_craft.maizsemilla":2,"stat.mineBlock.minecraft.stonebrick":1,"stat.craftItem.minecraft.planks":24,"stat.killEntity.Chicken":3,"stat.pickup.cannibalism.playerflesh":9,"stat.mobKills":27,"stat.pickup.minecraft.book":57,"stat.mineBlock.minecraft.bookshelf":20,"stat.craftItem.minecraft.cooked_chicken":3,"stat.useItem.carryon.entity_item":1,"stat.useItem.minecraft.boat":1,"stat.useItem.ageofweapons.crossbow":1,"stat.craftItem.ageofweapons.iron_stick":3,"stat.pickup.minecraft.torch":2,"stat.sneakTime":1524,"stat.pickup.minecraft.wool":2,"stat.mineBlock.minecraft.stone":79,"stat.killEntity.crocoduck":1}