{"stat.pickup.tconstruct.book":1,"stat.drop.minecraft.stone_pickaxe":1,"stat.pickup.ic2.ingot":7,"stat.pickup.minecraft.bone":1,"stat.useItem.minecraft.iron_axe":48,"stat.leaveGame":8,"stat.craftItem.minecraft.iron_axe":1,"stat.useItem.minecraft.mutton":2,"stat.swimOneCm":14276,"stat.climbOneCm":1028,"stat.useItem.minecraft.planks":1,"stat.pickup.minecraft.cooked_porkchop":5,"stat.pickup.ageofweapons.recurve_bow":1,"stat.pickup.lootbags.itemlootbag":29,"stat.drop.explorercraft.water_grass":6,"stat.useItem.minecraft.stone_slab2":15,"stat.useItem.minecraft.water_bucket":3,"stat.pickup.minecraft.rotten_flesh":4,"stat.pickup.minecraft.sand":1,"stat.craftItem.minecraft.furnace":1,"stat.useItem.minecraft.egg":1,"stat.drop.minecraft.golden_horse_armor":1,"stat.craftItem.minecraft.iron_boots":2,"stat.pickup.animalium.wild_dog_pelt":1,"stat.craftItem.minecraft.stone_pickaxe":1,"stat.pickup.minecraft.cobblestone":19,"stat.flyOneCm":271883,"stat.useItem.explorercraft.lamb_shank":2,"stat.mineBlock.minecraft.sand":1,"stat.drop.minecraft.wheat_seeds":2,"stat.drop.minecraft.sand":1,"stat.pickup.explorercraft.lamb_shank":10,"stat.mineBlock.minecraft.iron_ore":32,"stat.timeSinceDeath":4873,"stat.useItem.minecraft.iron_pickaxe":2,"stat.craftItem.minecraft.wooden_pickaxe":1,"stat.pickup.minecraft.mutton":10,"stat.pickup.chilean_craft.semillatomate":2,"stat.craftItem.minecraft.bed":1,"stat.drop.minecraft.coal":3,"stat.pickup.minecraft.wooden_axe":1,"stat.useItem.tombstone.lollypop":1,"stat.furnaceInteraction":46,"stat.useItem.minecraft.cooked_porkchop":3,"stat.mineBlock.minecraft.coal_ore":9,"stat.drop.minecraft.hay_block":3,"stat.pickup.minecraft.beef":5,"stat.pickup.minecraft.furnace":2,"stat.pickup.tombstone.crafting_ingredient":1,"stat.killEntity.cursedtool":1,"stat.craftItem.minecraft.stone_slab2":0,"stat.pickup.minecraft.hay_block":36,"stat.sprintOneCm":235459,"stat.drop.minecraft.leather":4,"stat.craftItem.minecraft.wooden_axe":1,"stat.craftItem.minecraft.stick":24,"stat.drop.minecraft.pumpkin_seeds":2,"stat.useItem.minecraft.flint_and_steel":34,"stat.mineBlock.minecraft.crafting_table":6,"stat.mineBlock.nt.jacaranda_leaves":1,"stat.waystones:waystonesActivated":1,"stat.pickup.minecraft.pumpkin_seeds":2,"stat.pickup.minecraft.golden_horse_armor":1,"stat.pickup.minecraft.diamond_chestplate":1,"stat.pickup.minecraft.emerald":3,"stat.pickup.ic2.filled_tin_can":10,"stat.useItem.minecraft.beef":3,"stat.mineBlock.minecraft.planks":4,"stat.deaths":1,"stat.drop":36,"stat.pickup.minecraft.egg":1,"stat.killEntity.primitivemobs.rocket_creeper":1,"stat.playOneMinute":71499,"stat.killEntity.Sheep":5,"stat.craftItem.minecraft.iron_pickaxe":2,"stat.pickup.minecraft.slime_ball":2,"stat.pickup.tombstone.lollypop":1,"stat.killEntity.Zombie":2,"stat.mineBlock.minecraft.tallgrass":23,"stat.diveOneCm":24703,"stat.pickup.minecraft.wheat":178,"stat.chestOpened":14,"stat.killEntity.primitivemobs.brain_slime":16,"stat.pickup.minecraft.arrow":10,"stat.drop.lootbags.itemlootbag":6,"stat.pickup.levelup2.skillbook":1,"stat.craftItem.minecraft.coal":12,"stat.useItem.minecraft.rotten_flesh":4,"stat.drop.minecraft.cooked_porkchop":2,"stat.pickup.minecraft.diamond_sword":2,"stat.jump":1497,"stat.pickup.minecraft.coal":24,"stat.pickup.minecraft.iron_helmet":1,"stat.fallOneCm":33052,"stat.drop.minecraft.diamond_sword":1,"stat.pickup.minecraft.gunpowder":52,"stat.crouchOneCm":9358,"stat.pickup.minecraft.spider_eye":2,"stat.craftItem.minecraft.torch":24,"stat.craftItem.minecraft.iron_ingot":28,"stat.pickup.minecraft.dirt":5,"stat.craftItem.minecraft.iron_helmet":1,"stat.craftingTableInteraction":23,"stat.pickup.minecraft.iron_ore":45,"stat.boatOneCm":66053,"stat.pickup.explorercraft.water_grass":6,"stat.pickup.minecraft.iron_axe":1,"stat.pickup.minecraft.leather":8,"stat.damageTaken":1090,"stat.drop.chilean_craft.maizsemilla":3,"stat.pickup.minecraft.written_book":2,"stat.mineBlock.minecraft.torch":22,"stat.mineBlock.minecraft.furnace":2,"stat.useItem.minecraft.wooden_pickaxe":6,"stat.pickup.minecraft.planks":4,"stat.pickup.minecraft.wheat_seeds":2,"stat.useItem.minecraft.stone_pickaxe":57,"stat.damageDealt":4126,"stat.killEntity.Cow":2,"stat.mineBlock.minecraft.dirt":3,"stat.drop.minecraft.iron_axe":1,"stat.pickup.minecraft.boat":4,"stat.walkOneCm":236200,"stat.useItem.minecraft.torch":58,"stat.drop.chilean_craft.semillauva":1,"stat.useItem.minecraft.bread":15,"stat.pickup.minecraft.stick":14,"stat.drop.chilean_craft.semillatomate":2,"stat.drop.minecraft.rotten_flesh":3,"stat.pickup.minecraft.crafting_table":7,"stat.useItem.minecraft.log":4,"stat.useItem.minecraft.cobblestone":3,"stat.craftItem.minecraft.crafting_table":1,"stat.mineBlock.minecraft.double_plant":1,"stat.killEntity.piranha":2,"stat.drop.harvestcraft.gigapickleseeditem":1,"stat.craftItem.minecraft.boat":1,"stat.pickup.minecraft.log":28,"stat.craftItem.minecraft.wheat":137,"stat.pickup.minecraft.stone":4,"stat.pickup.chilean_craft.semillauva":1,"stat.craftItem.minecraft.hay_block":9,"stat.pickup.minecraft.apple":3,"stat.killEntity.Skeleton":3,"stat.killEntity.wild_dog":1,"stat.pickup.chilean_craft.maizsemilla":3,"stat.craftItem.minecraft.bucket":1,"stat.craftItem.minecraft.planks":32,"stat.killEntity.primitivemobs.flame_spewer":3,"stat.useItem.minecraft.iron_sword":110,"stat.killEntity.Chicken":1,"stat.mobKills":41,"stat.mineBlock.minecraft.log":15,"stat.useItem.ageofweapons.battle_axe_gold":23,"stat.useItem.carryon.entity_item":8,"stat.useItem.minecraft.boat":4,"stat.pickup.minecraft.diamond":2,"stat.mineBlock.minecraft.leaves":1,"stat.pickup.minecraft.torch":23,"stat.sneakTime":2480,"stat.pickup.minecraft.wool":5,"stat.mineBlock.minecraft.hay_block":20,"stat.useItem.minecraft.wooden_axe":12,"stat.mineBlock.minecraft.stone":22,"stat.pickup.nt.jacaranda_sapling":2}