{"stat.chestOpened":8,"stat.killEntity.primitivemobs.brain_slime":3,"stat.pickup.minecraft.sign":3,"stat.leaveGame":1,"stat.pickup.minecraft.arrow":26,"stat.pickup.minecraft.flint":1,"stat.useItem.minecraft.apple":1,"stat.pickup.levelup2.skillbook":1,"stat.useItem.minecraft.rotten_flesh":2,"stat.swimOneCm":9383,"stat.jump":296,"stat.fallOneCm":6009,"stat.pickup.minecraft.golden_boots":1,"stat.pickup.minecraft.carrot":7,"stat.pickup.minecraft.cooked_porkchop":14,"stat.pickup.minecraft.porkchop":26,"stat.pickup.minecraft.gunpowder":61,"stat.crouchOneCm":3428,"stat.pickup.minecraft.blaze_powder":3,"stat.pickup.lootbags.itemlootbag":2,"stat.pickup.minecraft.writable_book":1,"stat.craftItem.minecraft.iron_ingot":7,"stat.pickup.minecraft.dirt":121,"stat.useItem.minecraft.dirt":51,"stat.useItem.minecraft.stone_slab2":7,"stat.pickup.minecraft.bow":2,"stat.craftingTableInteraction":4,"stat.pickup.minecraft.rotten_flesh":3,"stat.boatOneCm":60084,"stat.useItem.minecraft.sapling":1,"stat.mineBlock.minecraft.leaves2":2,"stat.craftItem.cannibalism.playerfleshcooked":3,"stat.mineBlock.minecraft.log2":7,"stat.damageTaken":655,"stat.pickup.minecraft.written_book":1,"stat.pickup.minecraft.cobblestone":173,"stat.pickup.minecraft.log2":6,"stat.pickup.minecraft.planks":9,"stat.pickup.minecraft.bed":1,"stat.pickup.chilean_craft.cebollafruit":2,"stat.flyOneCm":64413,"stat.pickup.minecraft.wheat_seeds":24,"stat.useItem.cannibalism.playerfleshcooked":3,"stat.damageDealt":691,"stat.sleepInBed":1,"stat.timeSinceDeath":7079,"stat.craftItem.minecraft.wooden_pickaxe":1,"stat.pickup.minecraft.boat":3,"stat.pickup.minecraft.double_plant":1,"stat.walkOneCm":32907,"stat.useItem.minecraft.chest":1,"stat.pickup.minecraft.stick":6,"stat.pickup.minecraft.crafting_table":2,"stat.furnaceInteraction":3,"stat.craftItem.minecraft.crafting_table":1,"stat.killEntity.piranha":1,"stat.mineBlock.minecraft.double_plant":2,"stat.craftItem.minecraft.boat":1,"stat.pickup.extrautils2.ingredients":1,"stat.pickup.minecraft.log":10,"stat.entityKilledBy.primitivemobs.brain_slime":1,"stat.pickup.minecraft.tnt":1,"stat.pickup.tombstone.crafting_ingredient":1,"stat.drop.levelup2.skillbook":1,"stat.craftItem.minecraft.stone_slab2":0,"stat.pickup.minecraft.hay_block":3,"stat.useItem.minecraft.written_book":1,"stat.pickup.minecraft.sapling":3,"stat.sprintOneCm":48026,"stat.craftItem.minecraft.stick":4,"stat.craftItem.minecraft.wooden_axe":1,"stat.useItem.ageofweapons.spear_iron":1,"stat.craftItem.minecraft.planks":48,"stat.pickup.minecraft.potion":1,"stat.mineBlock.minecraft.crafting_table":2,"stat.pickup.cannibalism.playerflesh":1,"stat.pickup.minecraft.stone_sword":1,"stat.mobKills":7,"stat.pickup.dynamictrees.oakseed":1,"stat.mineBlock.minecraft.log":2,"stat.useItem.carryon.entity_item":1,"stat.drop.minecraft.written_book":1,"stat.useItem.minecraft.boat":3,"stat.pickup.minecraft.lever":1,"stat.deaths":1,"stat.mineBlock.minecraft.planks":1,"stat.drop":3,"stat.pickup.minecraft.diamond":1,"stat.playOneMinute":15941,"stat.pickup.minecraft.torch":2,"stat.pickup.minecraft.red_flower":1,"stat.sneakTime":562,"stat.killEntity.primitivemobs.haunted_tool":1,"stat.useItem.minecraft.wooden_axe":26,"stat.pickup.ferdinandsflowers.block_cff_flowersd":1,"stat.pickup.ferdinandsflowers.block_cff_doublesd":1,"stat.drop.tconstruct.book":1,"stat.mineBlock.minecraft.tallgrass":7,"stat.diveOneCm":6297,"stat.pickup.minecraft.wheat":237,"stat.pickup.minecraft.chest":2}