{"stat.pickup.tconstruct.book":1,"stat.pickup.dynamictrees.acaciaseed":1,"stat.drop.minecraft.stone_pickaxe":2,"stat.useItem.minecraft.bow":31,"stat.useItem.minecraft.iron_axe":43,"stat.leaveGame":16,"stat.pickup.explorercraft.basalt_cobblestone":1,"stat.pickup.minecraft.flint":1,"stat.swimOneCm":27688,"stat.climbOneCm":3972,"stat.pickup.minecraft.golden_boots":1,"stat.pickup.minecraft.cooked_porkchop":94,"stat.pickup.minecraft.blaze_powder":3,"stat.pickup.lootbags.itemlootbag":4,"stat.pickup.nt.paulownia_sapling":2,"stat.useItem.minecraft.stone_slab2":24,"stat.killEntity.primitivemobs.skeleton_warrior":1,"stat.pickup.minecraft.sand":3,"stat.craftItem.minecraft.furnace":1,"stat.useItem.minecraft.egg":7,"stat.entityKilledBy.primitivemobs.rocket_creeper":1,"stat.pickup.animalium.wild_dog_pelt":1,"stat.craftItem.minecraft.stone_pickaxe":3,"stat.pickup.minecraft.cobblestone":190,"stat.pickup.minecraft.leather_boots":1,"stat.flyOneCm":490873,"stat.mineBlock.minecraft.sand":3,"stat.pickup.mowziesmobs.glowing_jelly":3,"stat.pickup.minecraft.cactus":3,"stat.mineBlock.minecraft.iron_ore":34,"stat.timeSinceDeath":7005,"stat.useItem.minecraft.sign":1,"stat.craftItem.minecraft.wooden_pickaxe":2,"stat.furnaceInteraction":9,"stat.useItem.minecraft.cooked_porkchop":22,"stat.mineBlock.minecraft.coal_ore":51,"stat.talkedToVillager":3,"stat.pickup.extrautils2.ingredients":1,"stat.drop.levelup2.skillbook":1,"stat.craftItem.minecraft.stone_slab2":0,"stat.useItem.minecraft.written_book":4,"stat.sprintOneCm":297820,"stat.craftItem.minecraft.stick":24,"stat.pickup.ic2.bronze_helmet":1,"stat.mineBlock.minecraft.crafting_table":1,"stat.waystones:waystonesActivated":1,"stat.pickup.minecraft.lever":1,"stat.deaths":4,"stat.drop":4,"stat.pickup.minecraft.egg":7,"stat.killEntity.primitivemobs.rocket_creeper":1,"stat.playOneMinute":197539,"stat.pickup.tombstone.lollypop":1,"stat.mineBlock.minecraft.tallgrass":1,"stat.diveOneCm":48888,"stat.pickup.minecraft.wheat":5,"stat.chestOpened":27,"stat.craftItem.minecraft.sign":3,"stat.pickup.minecraft.gravel":27,"stat.pickup.minecraft.arrow":2,"stat.drop.lootbags.itemlootbag":1,"stat.pickup.levelup2.skillbook":3,"stat.jump":2005,"stat.pickup.minecraft.coal":53,"stat.fallOneCm":54652,"stat.pickup.minecraft.iron_ingot":4,"stat.pickup.minecraft.carrot":3,"stat.pickup.minecraft.gunpowder":57,"stat.crouchOneCm":5029,"stat.craftItem.minecraft.torch":52,"stat.craftItem.minecraft.iron_ingot":2,"stat.craftItem.minecraft.chest":2,"stat.pickup.minecraft.dirt":28,"stat.craftingTableInteraction":11,"stat.pickup.minecraft.iron_ore":34,"stat.pickup.minecraft.iron_axe":1,"stat.mineBlock.minecraft.log2":2,"stat.damageTaken":2661,"stat.pickup.minecraft.feather":1,"stat.mineBlock.minecraft.torch":5,"stat.useItem.minecraft.wooden_pickaxe":120,"stat.pickup.minecraft.log2":3,"stat.useItem.nt.paulownia_sapling":1,"stat.entityKilledBy.primitivemobs.flame_spewer":1,"stat.pickup.minecraft.wheat_seeds":8,"stat.mineBlock.minecraft.gravel":28,"stat.useItem.minecraft.stone_pickaxe":260,"stat.mineBlock.explorercraft.basalt":1,"stat.damageDealt":1305,"stat.mineBlock.minecraft.dirt":28,"stat.walkOneCm":395559,"stat.useItem.minecraft.torch":41,"stat.useItem.minecraft.chest":1,"stat.pickup.minecraft.stick":10,"stat.pickup.minecraft.crafting_table":1,"stat.useItem.minecraft.cobblestone":2,"stat.craftItem.minecraft.crafting_table":3,"stat.mineBlock.minecraft.double_plant":1,"stat.killEntity.piranha":2,"stat.pickup.minecraft.log":13,"stat.mineBlock.dtm.marble":1,"stat.pickup.minecraft.tnt":1,"stat.killEntity.survivor":1,"stat.pickup.minecraft.stone":58,"stat.useItem.cannibalism.playerflesh":2,"stat.useItem.minecraft.cactus":2,"stat.pickup.dtm.marblestone":1,"stat.mineBlock.minecraft.tnt":1,"stat.mineBlock.minecraft.cactus":1,"stat.craftItem.minecraft.planks":60,"stat.killEntity.primitivemobs.flame_spewer":1,"stat.pickup.cannibalism.playerflesh":7,"stat.mobKills":12,"stat.mineBlock.minecraft.log":13,"stat.useItem.carryon.entity_item":4,"stat.pickup.mowziesmobs.barakoa_mask_bliss":1,"stat.pickup.minecraft.diamond":1,"stat.mineBlock.minecraft.leaves":6,"stat.pickup.minecraft.torch":5,"stat.sneakTime":1302,"stat.pickup.ageofweapons.flail_stone":1,"stat.useItem.ageofweapons.flail_stone":2,"stat.mineBlock.minecraft.stone":242}