{"stat.pickup.chilean_craft.semillatomate":1,"stat.walkOneCm":24455,"stat.drop.chilean_craft.semillauva":1,"stat.pickup.chilean_craft.maizsemilla":1,"stat.drop.chilean_craft.semillatomate":1,"stat.leaveGame":5,"stat.damageTaken":100,"stat.drop.chilean_craft.maizsemilla":1,"stat.mobKills":1,"stat.mineBlock.minecraft.log":2,"stat.pickup.minecraft.log":2,"stat.flyOneCm":90699,"stat.pickup.chilean_craft.cebollafruit":1,"stat.useItem.minecraft.mutton":2,"stat.drop":3,"stat.pickup.minecraft.wheat_seeds":2,"stat.jump":387,"stat.useItem.explorercraft.lamb_shank":1,"stat.swimOneCm":626,"stat.playOneMinute":8204,"stat.fallOneCm":8080,"stat.killEntity.Sheep":1,"stat.pickup.explorercraft.lamb_shank":2,"stat.sneakTime":4,"stat.damageDealt":157,"stat.pickup.chilean_craft.semillauva":1,"stat.timeSinceDeath":8204,"stat.useItem.minecraft.written_book":1,"stat.sprintOneCm":24605,"stat.mineBlock.minecraft.tallgrass":10,"stat.pickup.minecraft.mutton":2,"stat.diveOneCm":1375}