{"stat.walkOneCm":14911,"stat.playerKills":1,"stat.mineBlock.ferdinandsflowers.block_cff_doublesd":1,"stat.leaveGame":2,"stat.pickup.minecraft.crafting_table":1,"stat.jump":452,"stat.swimOneCm":31432,"stat.fallOneCm":10041,"stat.mineBlock.ferdinandsflowers.block_cff_desert":1,"stat.crouchOneCm":827,"stat.sprintOneCm":29953,"stat.pickup.ferdinandsflowers.block_cff_desert":1,"stat.useItem.minecraft.egg":1,"stat.mineBlock.minecraft.log2":2,"stat.damageTaken":897,"stat.pickup.cannibalism.playerflesh":3,"stat.pickup.minecraft.log2":3,"stat.entityKilledBy.piranha":1,"stat.useItem.carryon.entity_item":1,"stat.flyOneCm":109815,"stat.deaths":3,"stat.pickup.minecraft.wheat_seeds":5,"stat.pickup.minecraft.egg":1,"stat.playOneMinute":15729,"stat.sneakTime":224,"stat.damageDealt":477,"stat.timeSinceDeath":274,"stat.mineBlock.minecraft.tallgrass":11,"stat.diveOneCm":6832,"stat.pickup.minecraft.wheat":2}