{
  "minecraft:recipes/tools/fishing_rod": {
    "criteria": {
      "has_the_recipe": "2024-11-03 23:17:21 +0000"
    },
    "done": true
  },
  "minecraft:recipes/decorations/purple_stained_glass_pane": {
    "criteria": {
      "has_the_recipe": "2024-11-03 23:17:21 +0000"
    },
    "done": true
  },
  "minecraft:recipes/building_blocks/black_stained_glass": {
    "criteria": {
      "has_the_recipe": "2024-11-03 23:17:21 +0000"
    },
    "done": true
  },
  "aether_legacy:recipes/building_blocks/mossy_holystone_stairs": {
    "criteria": {
      "has_the_recipe": "2024-11-03 23:17:21 +0000"
    },
    "done": true
  },
  "minecraft:recipes/building_blocks/red_stained_hardened_clay": {
    "criteria": {
      "has_the_recipe": "2024-11-03 23:17:21 +0000"
    },
    "done": true
  },
  "minecraft:recipes/redstone/lever": {
    "criteria": {
      "has_the_recipe": "2024-11-03 23:17:21 +0000"
    },
    "done": true
  },
  "tombstone:tutorial/first_knowledge": {
    "criteria": {
      "coded_trigger": "2024-11-03 23:20:59 +0000"
    },
    "done": true
  },
  "minecraft:recipes/building_blocks/acacia_wooden_slab": {
    "criteria": {
      "has_the_recipe": "2024-11-03 23:17:21 +0000"
    },
    "done": true
  },
  "minecraft:recipes/misc/magenta_dye_from_lilac": {
    "criteria": {
      "has_the_recipe": "2024-11-03 23:17:21 +0000"
    },
    "done": true
  },
  "minecraft:recipes/misc/light_blue_dye_from_blue_orchid": {
    "criteria": {
      "has_the_recipe": "2024-11-03 23:17:21 +0000"
    },
    "done": true
  },
  "minecraft:recipes/combat/iron_sword": {
    "criteria": {
      "has_the_recipe": "2024-11-03 23:17:21 +0000"
    },
    "done": true
  },
  "ferdinandsflowers:recipes/misc/b1_blue_bell_dye_borage": {
    "criteria": {
      "has_the_recipe": "2024-11-03 23:17:21 +0000"
    },
    "done": true
  },
  "minecraft:recipes/redstone/observer": {
    "criteria": {
      "has_the_recipe": "2024-11-03 23:17:21 +0000"
    },
    "done": true
  },
  "minecraft:recipes/building_blocks/mossy_cobblestone": {
    "criteria": {
      "has_the_recipe": "2024-11-03 23:17:21 +0000"
    },
    "done": true
  },
  "minecraft:recipes/redstone/spruce_door": {
    "criteria": {
      "has_the_recipe": "2024-11-03 23:17:21 +0000"
    },
    "done": true
  },
  "aether_legacy:recipes/tools/gravitite_shovel": {
    "criteria": {
      "has_the_recipe": "2024-11-03 23:17:21 +0000"
    },
    "done": true
  },
  "minecraft:recipes/building_blocks/snow": {
    "criteria": {
      "has_the_recipe": "2024-11-03 23:17:21 +0000"
    },
    "done": true
  },
  "minecraft:recipes/misc/light_gray_dye_from_white_tulip": {
    "criteria": {
      "has_the_recipe": "2024-11-03 23:17:21 +0000"
    },
    "done": true
  },
  "minecraft:recipes/building_blocks/lime_concrete_powder": {
    "criteria": {
      "has_the_recipe": "2024-11-03 23:17:21 +0000"
    },
    "done": true
  },
  "minecraft:recipes/building_blocks/nether_brick_slab": {
    "criteria": {
      "has_the_recipe": "2024-11-03 23:17:21 +0000"
    },
    "done": true
  },
  "minecraft:recipes/tools/iron_pickaxe": {
    "criteria": {
      "has_the_recipe": "2024-11-03 23:17:21 +0000"
    },
    "done": true
  },
  "minecraft:recipes/building_blocks/gray_stained_glass": {
    "criteria": {
      "has_the_recipe": "2024-11-03 23:17:21 +0000"
    },
    "done": true
  },
  "minecraft:recipes/redstone/spruce_fence_gate": {
    "criteria": {
      "has_the_recipe": "2024-11-03 23:17:21 +0000"
    },
    "done": true
  },
  "minecraft:recipes/building_blocks/yellow_concrete_powder": {
    "criteria": {
      "has_the_recipe": "2024-11-03 23:17:21 +0000"
    },
    "done": true
  },
  "minecraft:recipes/combat/leather_helmet": {
    "criteria": {
      "has_the_recipe": "2024-11-03 23:17:21 +0000"
    },
    "done": true
  },
  "minecraft:recipes/misc/pumpkin_seeds": {
    "criteria": {
      "has_the_recipe": "2024-11-03 23:17:21 +0000"
    },
    "done": true
  },
  "minecraft:recipes/building_blocks/mossy_stonebrick": {
    "criteria": {
      "has_the_recipe": "2024-11-03 23:17:21 +0000"
    },
    "done": true
  },
  "minecraft:recipes/building_blocks/magenta_wool": {
    "criteria": {
      "has_the_recipe": "2024-11-03 23:17:21 +0000"
    },
    "done": true
  },
  "minecraft:recipes/decorations/crafting_table": {
    "criteria": {
      "has_the_recipe": "2024-11-03 23:17:21 +0000"
    },
    "done": true
  },
  "minecraft:recipes/building_blocks/purple_stained_glass": {
    "criteria": {
      "has_the_recipe": "2024-11-03 23:17:21 +0000"
    },
    "done": true
  },
  "aether_legacy:recipes/combat/gravitite_leggings": {
    "criteria": {
      "has_the_recipe": "2024-11-03 23:17:21 +0000"
    },
    "done": true
  },
  "minecraft:recipes/misc/melon_seeds": {
    "criteria": {
      "has_the_recipe": "2024-11-03 23:17:21 +0000"
    },
    "done": true
  },
  "minecraft:recipes/decorations/ladder": {
    "criteria": {
      "has_the_recipe": "2024-11-03 23:17:21 +0000"
    },
    "done": true
  },
  "minecraft:recipes/building_blocks/black_stained_hardened_clay": {
    "criteria": {
      "has_the_recipe": "2024-11-03 23:17:21 +0000"
    },
    "done": true
  },
  "minecraft:recipes/misc/map": {
    "criteria": {
      "has_the_recipe": "2024-11-03 23:17:21 +0000"
    },
    "done": true
  },
  "minecraft:recipes/decorations/chest": {
    "criteria": {
      "has_the_recipe": "2024-11-03 23:17:21 +0000"
    },
    "done": true
  },
  "minecraft:recipes/combat/golden_sword": {
    "criteria": {
      "has_the_recipe": "2024-11-03 23:17:21 +0000"
    },
    "done": true
  },
  "minecraft:recipes/building_blocks/white_stained_hardened_clay": {
    "criteria": {
      "has_the_recipe": "2024-11-03 23:17:21 +0000"
    },
    "done": true
  },
  "minecraft:recipes/decorations/magenta_stained_glass_pane": {
    "criteria": {
      "has_the_recipe": "2024-11-03 23:17:21 +0000"
    },
    "done": true
  },
  "minecraft:recipes/building_blocks/red_sandstone": {
    "criteria": {
      "has_the_recipe": "2024-11-03 23:17:21 +0000"
    },
    "done": true
  },
  "minecraft:recipes/tools/wooden_shovel": {
    "criteria": {
      "has_the_recipe": "2024-11-03 23:17:21 +0000"
    },
    "done": true
  },
  "ferdinandsflowers:recipes/misc/3_orange_dye_cosmos": {
    "criteria": {
      "has_the_recipe": "2024-11-03 23:17:21 +0000"
    },
    "done": true
  },
  "minecraft:recipes/decorations/torch": {
    "criteria": {
      "has_the_recipe": "2024-11-03 23:17:21 +0000"
    },
    "done": true
  },
  "minecraft:recipes/building_blocks/purpur_stairs": {
    "criteria": {
      "has_the_recipe": "2024-11-03 23:17:21 +0000"
    },
    "done": true
  },
  "minecraft:recipes/building_blocks/lime_stained_hardened_clay": {
    "criteria": {
      "has_the_recipe": "2024-11-03 23:17:21 +0000"
    },
    "done": true
  },
  "minecraft:recipes/tools/shears": {
    "criteria": {
      "has_the_recipe": "2024-11-03 23:17:21 +0000"
    },
    "done": true
  },
  "minecraft:recipes/misc/stick": {
    "criteria": {
      "has_the_recipe": "2024-11-03 23:17:21 +0000"
    },
    "done": true
  },
  "aether_legacy:recipes/decorations/freezer": {
    "criteria": {
      "has_the_recipe": "2024-11-03 23:17:21 +0000"
    },
    "done": true
  },
  "minecraft:recipes/redstone/redstone_lamp": {
    "criteria": {
      "has_the_recipe": "2024-11-03 23:17:21 +0000"
    },
    "done": true
  },
  "ferdinandsflowers:recipes/misc/b9_purple_magenta_dye_calla": {
    "criteria": {
      "has_the_recipe": "2024-11-03 23:17:21 +0000"
    },
    "done": true
  },
  "minecraft:recipes/decorations/blue_carpet": {
    "criteria": {
      "has_the_recipe": "2024-11-03 23:17:21 +0000"
    },
    "done": true
  },
  "minecraft:recipes/redstone/dispenser": {
    "criteria": {
      "has_the_recipe": "2024-11-03 23:17:21 +0000"
    },
    "done": true
  },
  "minecraft:recipes/misc/pink_dye_from_red_bonemeal": {
    "criteria": {
      "has_the_recipe": "2024-11-03 23:17:21 +0000"
    },
    "done": true
  },
  "minecraft:recipes/building_blocks/emerald_block": {
    "criteria": {
      "has_the_recipe": "2024-11-03 23:17:21 +0000"
    },
    "done": true
  },
  "minecraft:recipes/transportation/detector_rail": {
    "criteria": {
      "has_the_recipe": "2024-11-03 23:17:21 +0000"
    },
    "done": true
  },
  "minecraft:recipes/food/cake": {
    "criteria": {
      "has_the_recipe": "2024-11-03 23:17:21 +0000"
    },
    "done": true
  },
  "minecraft:recipes/building_blocks/dark_oak_planks": {
    "criteria": {
      "has_the_recipe": "2024-11-03 23:17:21 +0000"
    },
    "done": true
  },
  "aether_legacy:recipes/combat/leather_gloves": {
    "criteria": {
      "has_the_recipe": "2024-11-03 23:17:21 +0000"
    },
    "done": true
  },
  "minecraft:recipes/combat/iron_leggings": {
    "criteria": {
      "has_the_recipe": "2024-11-03 23:17:21 +0000"
    },
    "done": true
  },
  "minecraft:recipes/redstone/dark_oak_door": {
    "criteria": {
      "has_the_recipe": "2024-11-03 23:17:21 +0000"
    },
    "done": true
  },
  "minecraft:recipes/building_blocks/sandstone_stairs": {
    "criteria": {
      "has_the_recipe": "2024-11-03 23:17:21 +0000"
    },
    "done": true
  },
  "minecraft:recipes/building_blocks/nether_wart_block": {
    "criteria": {
      "has_the_recipe": "2024-11-03 23:17:21 +0000"
    },
    "done": true
  },
  "minecraft:recipes/brewing/golden_carrot": {
    "criteria": {
      "has_the_recipe": "2024-11-03 23:17:21 +0000"
    },
    "done": true
  },
  "minecraft:recipes/decorations/brown_banner": {
    "criteria": {
      "has_the_recipe": "2024-11-03 23:17:21 +0000"
    },
    "done": true
  },
  "minecraft:recipes/combat/shield": {
    "criteria": {
      "has_the_recipe": "2024-11-03 23:17:21 +0000"
    },
    "done": true
  },
  "ferdinandsflowers:recipes/misc/8_yellow_green_dye_parodia": {
    "criteria": {
      "has_the_recipe": "2024-11-03 23:17:21 +0000"
    },
    "done": true
  },
  "ferdinandsflowers:recipes/misc/b12_dark_magenta_dye_mallow": {
    "criteria": {
      "has_the_recipe": "2024-11-03 23:17:21 +0000"
    },
    "done": true
  },
  "minecraft:recipes/building_blocks/cobblestone_slab": {
    "criteria": {
      "has_the_recipe": "2024-11-03 23:17:21 +0000"
    },
    "done": true
  },
  "minecraft:recipes/building_blocks/red_sandstone_stairs": {
    "criteria": {
      "has_the_recipe": "2024-11-03 23:17:21 +0000"
    },
    "done": true
  },
  "aether_legacy:recipes/building_blocks/angelic_slab": {
    "criteria": {
      "has_the_recipe": "2024-11-03 23:17:21 +0000"
    },
    "done": true
  },
  "minecraft:recipes/brewing/speckled_melon": {
    "criteria": {
      "has_the_recipe": "2024-11-03 23:17:21 +0000"
    },
    "done": true
  },
  "minecraft:recipes/misc/iron_ingot_from_block": {
    "criteria": {
      "has_the_recipe": "2024-11-03 23:17:21 +0000"
    },
    "done": true
  },
  "minecraft:recipes/redstone/trapped_chest": {
    "criteria": {
      "has_the_recipe": "2024-11-03 23:17:21 +0000"
    },
    "done": true
  },
  "minecraft:recipes/decorations/gray_bed": {
    "criteria": {
      "has_the_recipe": "2024-11-03 23:17:21 +0000"
    },
    "done": true
  },
  "minecraft:recipes/redstone/hopper": {
    "criteria": {
      "has_the_recipe": "2024-11-03 23:17:21 +0000"
    },
    "done": true
  },
  "aether_legacy:recipes/building_blocks/holystone_wall": {
    "criteria": {
      "has_the_recipe": "2024-11-03 23:17:21 +0000"
    },
    "done": true
  },
  "ferdinandsflowers:recipes/misc/1c_red_dye_geranium": {
    "criteria": {
      "has_the_recipe": "2024-11-03 23:17:21 +0000"
    },
    "done": true
  },
  "minecraft:recipes/building_blocks/coarse_dirt": {
    "criteria": {
      "has_the_recipe": "2024-11-03 23:17:21 +0000"
    },
    "done": true
  },
  "aether_legacy:recipes/tools/skyroot_axe": {
    "criteria": {
      "has_the_recipe": "2024-11-03 23:17:21 +0000"
    },
    "done": true
  },
  "minecraft:recipes/redstone/fence_gate": {
    "criteria": {
      "has_the_recipe": "2024-11-03 23:17:21 +0000"
    },
    "done": true
  },
  "mutantbeasts:root": {
    "criteria": {
      "killed_by_something": "2024-11-03 23:20:45 +0000"
    },
    "done": true
  },
  "minecraft:recipes/building_blocks/light_gray_concrete_powder": {
    "criteria": {
      "has_the_recipe": "2024-11-03 23:17:21 +0000"
    },
    "done": true
  },
  "minecraft:recipes/decorations/magenta_carpet": {
    "criteria": {
      "has_the_recipe": "2024-11-03 23:17:21 +0000"
    },
    "done": true
  },
  "ferdinandsflowers:recipes/misc/3b_orange_dye_lupin": {
    "criteria": {
      "has_the_recipe": "2024-11-03 23:17:21 +0000"
    },
    "done": true
  },
  "minecraft:recipes/misc/lime_dye": {
    "criteria": {
      "has_the_recipe": "2024-11-03 23:17:21 +0000"
    },
    "done": true
  },
  "ferdinandsflowers:recipes/misc/b4_dark_blue_dye_lobelia": {
    "criteria": {
      "has_the_recipe": "2024-11-03 23:17:21 +0000"
    },
    "done": true
  },
  "minecraft:recipes/combat/leather_leggings": {
    "criteria": {
      "has_the_recipe": "2024-11-03 23:17:21 +0000"
    },
    "done": true
  },
  "minecraft:recipes/building_blocks/pink_concrete_powder": {
    "criteria": {
      "has_the_recipe": "2024-11-03 23:17:21 +0000"
    },
    "done": true
  },
  "minecraft:recipes/building_blocks/sandstone_slab": {
    "criteria": {
      "has_the_recipe": "2024-11-03 23:17:21 +0000"
    },
    "done": true
  },
  "minecraft:recipes/misc/emerald": {
    "criteria": {
      "has_the_recipe": "2024-11-03 23:17:21 +0000"
    },
    "done": true
  },
  "aether_legacy:recipes/building_blocks/angelic_stairs": {
    "criteria": {
      "has_the_recipe": "2024-11-03 23:17:21 +0000"
    },
    "done": true
  },
  "minecraft:recipes/building_blocks/yellow_stained_glass": {
    "criteria": {
      "has_the_recipe": "2024-11-03 23:17:21 +0000"
    },
    "done": true
  },
  "minecraft:recipes/decorations/acacia_fence": {
    "criteria": {
      "has_the_recipe": "2024-11-03 23:17:21 +0000"
    },
    "done": true
  },
  "minecraft:recipes/decorations/magenta_bed_from_white_bed": {
    "criteria": {
      "has_the_recipe": "2024-11-03 23:17:21 +0000"
    },
    "done": true
  },
  "minecraft:recipes/decorations/iron_bars": {
    "criteria": {
      "has_the_recipe": "2024-11-03 23:17:21 +0000"
    },
    "done": true
  },
  "minecraft:recipes/misc/sugar": {
    "criteria": {
      "has_the_recipe": "2024-11-03 23:17:21 +0000"
    },
    "done": true
  },
  "minecraft:recipes/misc/red_dye_from_rose_bush": {
    "criteria": {
      "has_the_recipe": "2024-11-03 23:17:21 +0000"
    },
    "done": true
  },
  "minecraft:recipes/building_blocks/brick_stairs": {
    "criteria": {
      "has_the_recipe": "2024-11-03 23:17:21 +0000"
    },
    "done": true
  },
  "minecraft:recipes/building_blocks/blue_wool": {
    "criteria": {
      "has_the_recipe": "2024-11-03 23:17:21 +0000"
    },
    "done": true
  },
  "minecraft:recipes/misc/magenta_dye_from_purple_and_pink": {
    "criteria": {
      "has_the_recipe": "2024-11-03 23:17:21 +0000"
    },
    "done": true
  },
  "minecraft:recipes/building_blocks/gold_block": {
    "criteria": {
      "has_the_recipe": "2024-11-03 23:17:21 +0000"
    },
    "done": true
  },
  "aether_legacy:recipes/misc/yellow_cape": {
    "criteria": {
      "has_the_recipe": "2024-11-03 23:17:21 +0000"
    },
    "done": true
  },
  "minecraft:recipes/redstone/comparator": {
    "criteria": {
      "has_the_recipe": "2024-11-03 23:17:21 +0000"
    },
    "done": true
  },
  "aether_legacy:recipes/tools/holystone_pickaxe": {
    "criteria": {
      "has_the_recipe": "2024-11-03 23:17:21 +0000"
    },
    "done": true
  },
  "minecraft:recipes/misc/yellow_dye_from_sunflower": {
    "criteria": {
      "has_the_recipe": "2024-11-03 23:17:21 +0000"
    },
    "done": true
  },
  "minecraft:recipes/brewing/cauldron": {
    "criteria": {
      "has_the_recipe": "2024-11-03 23:17:21 +0000"
    },
    "done": true
  },
  "minecraft:recipes/transportation/chest_minecart": {
    "criteria": {
      "has_the_recipe": "2024-11-03 23:17:21 +0000"
    },
    "done": true
  },
  "minecraft:recipes/decorations/gray_stained_glass_pane": {
    "criteria": {
      "has_the_recipe": "2024-11-03 23:17:21 +0000"
    },
    "done": true
  },
  "minecraft:recipes/combat/diamond_leggings": {
    "criteria": {
      "has_the_recipe": "2024-11-03 23:17:21 +0000"
    },
    "done": true
  },
  "minecraft:recipes/decorations/armor_stand": {
    "criteria": {
      "has_the_recipe": "2024-11-03 23:17:21 +0000"
    },
    "done": true
  },
  "ferdinandsflowers:recipes/misc/1b_red_dye_clover": {
    "criteria": {
      "has_the_recipe": "2024-11-03 23:17:21 +0000"
    },
    "done": true
  },
  "minecraft:recipes/building_blocks/red_stained_glass": {
    "criteria": {
      "has_the_recipe": "2024-11-03 23:17:21 +0000"
    },
    "done": true
  },
  "minecraft:recipes/building_blocks/sandstone": {
    "criteria": {
      "has_the_recipe": "2024-11-03 23:17:21 +0000"
    },
    "done": true
  },
  "minecraft:recipes/building_blocks/spruce_planks": {
    "criteria": {
      "has_the_recipe": "2024-11-03 23:17:21 +0000"
    },
    "done": true
  },
  "tombstone:tutorial/enchant_grave_key": {
    "criteria": {
      "has_upgraded_grave_key": "2024-11-03 23:20:45 +0000"
    },
    "done": true
  },
  "minecraft:recipes/building_blocks/quartz_stairs": {
    "criteria": {
      "has_the_recipe": "2024-11-03 23:17:21 +0000"
    },
    "done": true
  },
  "minecraft:recipes/building_blocks/oak_stairs": {
    "criteria": {
      "has_the_recipe": "2024-11-03 23:17:21 +0000"
    },
    "done": true
  },
  "minecraft:recipes/decorations/red_carpet": {
    "criteria": {
      "has_the_recipe": "2024-11-03 23:17:21 +0000"
    },
    "done": true
  },
  "ferdinandsflowers:recipes/misc/b6c_purple_dye_iris": {
    "criteria": {
      "has_the_recipe": "2024-11-03 23:17:21 +0000"
    },
    "done": true
  },
  "aether_legacy:recipes/building_blocks/aerogel_slab": {
    "criteria": {
      "has_the_recipe": "2024-11-03 23:17:21 +0000"
    },
    "done": true
  },
  "minecraft:recipes/transportation/acacia_boat": {
    "criteria": {
      "has_the_recipe": "2024-11-03 23:17:21 +0000"
    },
    "done": true
  },
  "ferdinandsflowers:recipes/misc/12b_blue_green_dye_lily_valley": {
    "criteria": {
      "has_the_recipe": "2024-11-03 23:17:21 +0000"
    },
    "done": true
  },
  "minecraft:recipes/redstone/iron_trapdoor": {
    "criteria": {
      "has_the_recipe": "2024-11-03 23:17:21 +0000"
    },
    "done": true
  },
  "ferdinandsflowers:recipes/misc/b15c_pink_dye_verbena": {
    "criteria": {
      "has_the_recipe": "2024-11-03 23:17:21 +0000"
    },
    "done": true
  },
  "minecraft:adventure/root": {
    "criteria": {
      "killed_by_something": "2024-11-03 23:20:45 +0000"
    },
    "done": true
  },
  "minecraft:recipes/decorations/black_bed": {
    "criteria": {
      "has_the_recipe": "2024-11-03 23:17:21 +0000"
    },
    "done": true
  },
  "minecraft:recipes/decorations/gray_bed_from_white_bed": {
    "criteria": {
      "has_the_recipe": "2024-11-03 23:17:21 +0000"
    },
    "done": true
  },
  "minecraft:recipes/building_blocks/white_concrete_powder": {
    "criteria": {
      "has_the_recipe": "2024-11-03 23:17:21 +0000"
    },
    "done": true
  },
  "aether_legacy:recipes/decorations/ambrosium_torch": {
    "criteria": {
      "has_the_recipe": "2024-11-03 23:17:21 +0000"
    },
    "done": true
  },
  "minecraft:recipes/decorations/jungle_fence": {
    "criteria": {
      "has_the_recipe": "2024-11-03 23:17:21 +0000"
    },
    "done": true
  },
  "ferdinandsflowers:recipes/misc/9_lime_dye_pitcher": {
    "criteria": {
      "has_the_recipe": "2024-11-03 23:17:21 +0000"
    },
    "done": true
  },
  "minecraft:recipes/tools/diamond_pickaxe": {
    "criteria": {
      "has_the_recipe": "2024-11-03 23:17:21 +0000"
    },
    "done": true
  },
  "minecraft:recipes/building_blocks/red_nether_brick": {
    "criteria": {
      "has_the_recipe": "2024-11-03 23:17:21 +0000"
    },
    "done": true
  },
  "minecraft:recipes/misc/ender_eye": {
    "criteria": {
      "has_the_recipe": "2024-11-03 23:17:21 +0000"
    },
    "done": true
  },
  "minecraft:recipes/decorations/orange_bed": {
    "criteria": {
      "has_the_recipe": "2024-11-03 23:17:21 +0000"
    },
    "done": true
  },
  "minecraft:recipes/redstone/redstone_block": {
    "criteria": {
      "has_the_recipe": "2024-11-03 23:17:21 +0000"
    },
    "done": true
  },
  "minecraft:recipes/decorations/yellow_banner": {
    "criteria": {
      "has_the_recipe": "2024-11-03 23:17:21 +0000"
    },
    "done": true
  },
  "aether_legacy:recipes/tools/zanite_ring": {
    "criteria": {
      "has_the_recipe": "2024-11-03 23:17:21 +0000"
    },
    "done": true
  },
  "minecraft:recipes/decorations/pink_bed_from_white_bed": {
    "criteria": {
      "has_the_recipe": "2024-11-03 23:17:21 +0000"
    },
    "done": true
  },
  "minecraft:recipes/building_blocks/lime_stained_glass": {
    "criteria": {
      "has_the_recipe": "2024-11-03 23:17:21 +0000"
    },
    "done": true
  },
  "minecraft:recipes/decorations/pink_stained_glass_pane": {
    "criteria": {
      "has_the_recipe": "2024-11-03 23:17:21 +0000"
    },
    "done": true
  },
  "minecraft:recipes/misc/light_gray_dye_from_azure_bluet": {
    "criteria": {
      "has_the_recipe": "2024-11-03 23:17:21 +0000"
    },
    "done": true
  },
  "minecraft:recipes/redstone/dark_oak_fence_gate": {
    "criteria": {
      "has_the_recipe": "2024-11-03 23:17:21 +0000"
    },
    "done": true
  },
  "minecraft:recipes/decorations/brown_bed": {
    "criteria": {
      "has_the_recipe": "2024-11-03 23:17:21 +0000"
    },
    "done": true
  },
  "minecraft:recipes/building_blocks/green_stained_hardened_clay": {
    "criteria": {
      "has_the_recipe": "2024-11-03 23:17:21 +0000"
    },
    "done": true
  },
  "aether_legacy:recipes/building_blocks/aerogel_wall": {
    "criteria": {
      "has_the_recipe": "2024-11-03 23:17:21 +0000"
    },
    "done": true
  },
  "minecraft:recipes/building_blocks/gray_stained_hardened_clay": {
    "criteria": {
      "has_the_recipe": "2024-11-03 23:17:21 +0000"
    },
    "done": true
  },
  "ferdinandsflowers:recipes/misc/b2b_medium_blue_dye_lobelia": {
    "criteria": {
      "has_the_recipe": "2024-11-03 23:17:21 +0000"
    },
    "done": true
  },
  "aether_legacy:recipes/tools/gold_pendant": {
    "criteria": {
      "has_the_recipe": "2024-11-03 23:17:21 +0000"
    },
    "done": true
  },
  "aether_legacy:recipes/misc/cold_parachute": {
    "criteria": {
      "has_the_recipe": "2024-11-03 23:17:21 +0000"
    },
    "done": true
  },
  "minecraft:recipes/decorations/yellow_bed": {
    "criteria": {
      "has_the_recipe": "2024-11-03 23:17:21 +0000"
    },
    "done": true
  },
  "tombstone:tutorial/create_strange_scroll": {
    "criteria": {
      "has_strange_scroll": "2024-11-03 23:20:59 +0000"
    },
    "done": true
  },
  "aether_legacy:recipes/combat/skyroot_sword": {
    "criteria": {
      "has_the_recipe": "2024-11-03 23:17:21 +0000"
    },
    "done": true
  },
  "aether_legacy:recipes/tools/iron_ring": {
    "criteria": {
      "has_the_recipe": "2024-11-03 23:17:21 +0000"
    },
    "done": true
  },
  "minecraft:recipes/building_blocks/light_blue_stained_glass": {
    "criteria": {
      "has_the_recipe": "2024-11-03 23:17:21 +0000"
    },
    "done": true
  },
  "minecraft:recipes/building_blocks/brick_block": {
    "criteria": {
      "has_the_recipe": "2024-11-03 23:17:21 +0000"
    },
    "done": true
  },
  "aether_legacy:recipes/tools/zanite_pendant": {
    "criteria": {
      "has_the_recipe": "2024-11-03 23:17:21 +0000"
    },
    "done": true
  },
  "minecraft:recipes/building_blocks/orange_concrete_powder": {
    "criteria": {
      "has_the_recipe": "2024-11-03 23:17:21 +0000"
    },
    "done": true
  },
  "minecraft:recipes/decorations/blue_stained_glass_pane": {
    "criteria": {
      "has_the_recipe": "2024-11-03 23:17:21 +0000"
    },
    "done": true
  },
  "ferdinandsflowers:recipes/misc/2b_red_orange_dye_freesia": {
    "criteria": {
      "has_the_recipe": "2024-11-03 23:17:21 +0000"
    },
    "done": true
  },
  "aether_legacy:recipes/building_blocks/holystone_stairs": {
    "criteria": {
      "has_the_recipe": "2024-11-03 23:17:21 +0000"
    },
    "done": true
  },
  "ferdinandsflowers:recipes/misc/7b_light_yellow_dye_yellows": {
    "criteria": {
      "has_the_recipe": "2024-11-03 23:17:21 +0000"
    },
    "done": true
  },
  "wolfarmor:recipes/combat/gold_wolf_armor": {
    "criteria": {
      "has_the_recipe": "2024-11-03 23:17:21 +0000"
    },
    "done": true
  },
  "minecraft:recipes/misc/cyan_dye": {
    "criteria": {
      "has_the_recipe": "2024-11-03 23:17:21 +0000"
    },
    "done": true
  },
  "minecraft:recipes/brewing/blaze_powder": {
    "criteria": {
      "has_the_recipe": "2024-11-03 23:17:21 +0000"
    },
    "done": true
  },
  "aether_legacy:recipes/tools/skyroot_shovel": {
    "criteria": {
      "has_the_recipe": "2024-11-03 23:17:21 +0000"
    },
    "done": true
  },
  "minecraft:recipes/decorations/purple_bed": {
    "criteria": {
      "has_the_recipe": "2024-11-03 23:17:21 +0000"
    },
    "done": true
  },
  "minecraft:recipes/building_blocks/black_wool": {
    "criteria": {
      "has_the_recipe": "2024-11-03 23:17:21 +0000"
    },
    "done": true
  },
  "minecraft:recipes/combat/golden_chestplate": {
    "criteria": {
      "has_the_recipe": "2024-11-03 23:17:21 +0000"
    },
    "done": true
  },
  "minecraft:recipes/building_blocks/yellow_stained_hardened_clay": {
    "criteria": {
      "has_the_recipe": "2024-11-03 23:17:21 +0000"
    },
    "done": true
  },
  "minecraft:recipes/misc/magenta_dye_from_lapis_red_pink": {
    "criteria": {
      "has_the_recipe": "2024-11-03 23:17:21 +0000"
    },
    "done": true
  },
  "minecraft:recipes/brewing/glass_bottle": {
    "criteria": {
      "has_the_recipe": "2024-11-03 23:17:21 +0000"
    },
    "done": true
  },
  "minecraft:recipes/decorations/light_blue_stained_glass_pane": {
    "criteria": {
      "has_the_recipe": "2024-11-03 23:17:21 +0000"
    },
    "done": true
  },
  "minecraft:recipes/misc/leather": {
    "criteria": {
      "has_the_recipe": "2024-11-03 23:17:21 +0000"
    },
    "done": true
  },
  "minecraft:recipes/misc/light_gray_dye_from_gray_bonemeal": {
    "criteria": {
      "has_the_recipe": "2024-11-03 23:17:21 +0000"
    },
    "done": true
  },
  "aether_legacy:recipes/misc/red_cape": {
    "criteria": {
      "has_the_recipe": "2024-11-03 23:17:21 +0000"
    },
    "done": true
  },
  "minecraft:recipes/decorations/light_gray_bed": {
    "criteria": {
      "has_the_recipe": "2024-11-03 23:17:21 +0000"
    },
    "done": true
  },
  "minecraft:recipes/building_blocks/iron_block": {
    "criteria": {
      "has_the_recipe": "2024-11-03 23:17:21 +0000"
    },
    "done": true
  },
  "minecraft:recipes/building_blocks/quartz_slab": {
    "criteria": {
      "has_the_recipe": "2024-11-03 23:17:21 +0000"
    },
    "done": true
  },
  "minecraft:recipes/misc/red_dye_from_poppy": {
    "criteria": {
      "has_the_recipe": "2024-11-03 23:17:21 +0000"
    },
    "done": true
  },
  "minecraft:recipes/redstone/wooden_pressure_plate": {
    "criteria": {
      "has_the_recipe": "2024-11-03 23:17:21 +0000"
    },
    "done": true
  },
  "aether_legacy:recipes/combat/zanite_chestplate": {
    "criteria": {
      "has_the_recipe": "2024-11-03 23:17:21 +0000"
    },
    "done": true
  },
  "minecraft:recipes/misc/yellow_dye_from_dandelion": {
    "criteria": {
      "has_the_recipe": "2024-11-03 23:17:21 +0000"
    },
    "done": true
  },
  "minecraft:recipes/building_blocks/clay": {
    "criteria": {
      "has_the_recipe": "2024-11-03 23:17:21 +0000"
    },
    "done": true
  },
  "minecraft:recipes/building_blocks/green_stained_glass": {
    "criteria": {
      "has_the_recipe": "2024-11-03 23:17:21 +0000"
    },
    "done": true
  },
  "minecraft:recipes/building_blocks/light_blue_wool": {
    "criteria": {
      "has_the_recipe": "2024-11-03 23:17:21 +0000"
    },
    "done": true
  },
  "minecraft:recipes/redstone/wooden_button": {
    "criteria": {
      "has_the_recipe": "2024-11-03 23:17:21 +0000"
    },
    "done": true
  },
  "minecraft:recipes/combat/wooden_sword": {
    "criteria": {
      "has_the_recipe": "2024-11-03 23:17:21 +0000"
    },
    "done": true
  },
  "ferdinandsflowers:recipes/misc/b6b_purple_dye_mexican_sage": {
    "criteria": {
      "has_the_recipe": "2024-11-03 23:17:21 +0000"
    },
    "done": true
  },
  "minecraft:recipes/decorations/gray_banner": {
    "criteria": {
      "has_the_recipe": "2024-11-03 23:17:21 +0000"
    },
    "done": true
  },
  "aether_legacy:recipes/tools/gravitite_axe": {
    "criteria": {
      "has_the_recipe": "2024-11-03 23:17:21 +0000"
    },
    "done": true
  },
  "minecraft:recipes/building_blocks/oak_planks": {
    "criteria": {
      "has_the_recipe": "2024-11-03 23:17:21 +0000"
    },
    "done": true
  },
  "aether_legacy:recipes/misc/white_cape": {
    "criteria": {
      "has_the_recipe": "2024-11-03 23:17:21 +0000"
    },
    "done": true
  },
  "minecraft:recipes/decorations/light_gray_banner": {
    "criteria": {
      "has_the_recipe": "2024-11-03 23:17:21 +0000"
    },
    "done": true
  },
  "minecraft:recipes/decorations/light_blue_carpet": {
    "criteria": {
      "has_the_recipe": "2024-11-03 23:17:21 +0000"
    },
    "done": true
  },
  "minecraft:recipes/building_blocks/gray_concrete_powder": {
    "criteria": {
      "has_the_recipe": "2024-11-03 23:17:21 +0000"
    },
    "done": true
  },
  "ferdinandsflowers:recipes/misc/b0b_light_blue_dye_lobelia": {
    "criteria": {
      "has_the_recipe": "2024-11-03 23:17:21 +0000"
    },
    "done": true
  },
  "minecraft:recipes/transportation/golden_rail": {
    "criteria": {
      "has_the_recipe": "2024-11-03 23:17:21 +0000"
    },
    "done": true
  },
  "minecraft:recipes/decorations/cyan_banner": {
    "criteria": {
      "has_the_recipe": "2024-11-03 23:17:21 +0000"
    },
    "done": true
  },
  "minecraft:recipes/building_blocks/bookshelf": {
    "criteria": {
      "has_the_recipe": "2024-11-03 23:17:21 +0000"
    },
    "done": true
  },
  "minecraft:recipes/tools/golden_axe": {
    "criteria": {
      "has_the_recipe": "2024-11-03 23:17:21 +0000"
    },
    "done": true
  },
  "aether_legacy:recipes/combat/zanite_leggings": {
    "criteria": {
      "has_the_recipe": "2024-11-03 23:17:21 +0000"
    },
    "done": true
  },
  "minecraft:recipes/decorations/fence": {
    "criteria": {
      "has_the_recipe": "2024-11-03 23:17:21 +0000"
    },
    "done": true
  },
  "minecraft:recipes/tools/iron_axe": {
    "criteria": {
      "has_the_recipe": "2024-11-03 23:17:21 +0000"
    },
    "done": true
  },
  "aether_legacy:recipes/decorations/skyroot_bed": {
    "criteria": {
      "has_the_recipe": "2024-11-03 23:17:21 +0000"
    },
    "done": true
  },
  "minecraft:recipes/building_blocks/glowstone": {
    "criteria": {
      "has_the_recipe": "2024-11-03 23:17:21 +0000"
    },
    "done": true
  },
  "minecraft:recipes/building_blocks/sea_lantern": {
    "criteria": {
      "has_the_recipe": "2024-11-03 23:17:21 +0000"
    },
    "done": true
  },
  "minecraft:recipes/building_blocks/jungle_planks": {
    "criteria": {
      "has_the_recipe": "2024-11-03 23:17:21 +0000"
    },
    "done": true
  },
  "minecraft:recipes/decorations/black_banner": {
    "criteria": {
      "has_the_recipe": "2024-11-03 23:17:21 +0000"
    },
    "done": true
  },
  "minecraft:recipes/decorations/red_banner": {
    "criteria": {
      "has_the_recipe": "2024-11-03 23:17:21 +0000"
    },
    "done": true
  },
  "minecraft:recipes/decorations/gray_carpet": {
    "criteria": {
      "has_the_recipe": "2024-11-03 23:17:21 +0000"
    },
    "done": true
  },
  "minecraft:recipes/redstone/tripwire_hook": {
    "criteria": {
      "has_the_recipe": "2024-11-03 23:17:21 +0000"
    },
    "done": true
  },
  "minecraft:recipes/building_blocks/dark_oak_wooden_slab": {
    "criteria": {
      "has_the_recipe": "2024-11-03 23:17:21 +0000"
    },
    "done": true
  },
  "minecraft:recipes/combat/iron_boots": {
    "criteria": {
      "has_the_recipe": "2024-11-03 23:17:21 +0000"
    },
    "done": true
  },
  "minecraft:recipes/building_blocks/chiseled_quartz_block": {
    "criteria": {
      "has_the_recipe": "2024-11-03 23:17:21 +0000"
    },
    "done": true
  },
  "minecraft:recipes/building_blocks/blue_stained_hardened_clay": {
    "criteria": {
      "has_the_recipe": "2024-11-03 23:17:21 +0000"
    },
    "done": true
  },
  "minecraft:recipes/building_blocks/birch_planks": {
    "criteria": {
      "has_the_recipe": "2024-11-03 23:17:21 +0000"
    },
    "done": true
  },
  "minecraft:recipes/misc/bone_meal_from_bone": {
    "criteria": {
      "has_the_recipe": "2024-11-03 23:17:21 +0000"
    },
    "done": true
  },
  "minecraft:recipes/building_blocks/black_concrete_powder": {
    "criteria": {
      "has_the_recipe": "2024-11-03 23:17:21 +0000"
    },
    "done": true
  },
  "minecraft:recipes/decorations/orange_banner": {
    "criteria": {
      "has_the_recipe": "2024-11-03 23:17:21 +0000"
    },
    "done": true
  },
  "minecraft:recipes/building_blocks/spruce_wooden_slab": {
    "criteria": {
      "has_the_recipe": "2024-11-03 23:17:21 +0000"
    },
    "done": true
  },
  "ferdinandsflowers:recipes/misc/b9b_purple_magenta_dye_salvia": {
    "criteria": {
      "has_the_recipe": "2024-11-03 23:17:21 +0000"
    },
    "done": true
  },
  "minecraft:recipes/redstone/birch_fence_gate": {
    "criteria": {
      "has_the_recipe": "2024-11-03 23:17:21 +0000"
    },
    "done": true
  },
  "ferdinandsflowers:recipes/misc/14_cyan_dye_cyan": {
    "criteria": {
      "has_the_recipe": "2024-11-03 23:17:21 +0000"
    },
    "done": true
  },
  "minecraft:recipes/redstone/stone_button": {
    "criteria": {
      "has_the_recipe": "2024-11-03 23:17:21 +0000"
    },
    "done": true
  },
  "minecraft:recipes/combat/iron_chestplate": {
    "criteria": {
      "has_the_recipe": "2024-11-03 23:17:21 +0000"
    },
    "done": true
  },
  "ferdinandsflowers:recipes/misc/b5_blue_purple_dye_salvia": {
    "criteria": {
      "has_the_recipe": "2024-11-03 23:17:21 +0000"
    },
    "done": true
  },
  "aether_legacy:recipes/decorations/skyroot_fence_gate": {
    "criteria": {
      "has_the_recipe": "2024-11-03 23:17:21 +0000"
    },
    "done": true
  },
  "minecraft:recipes/building_blocks/yellow_wool": {
    "criteria": {
      "has_the_recipe": "2024-11-03 23:17:21 +0000"
    },
    "done": true
  },
  "minecraft:recipes/building_blocks/prismarine_bricks": {
    "criteria": {
      "has_the_recipe": "2024-11-03 23:17:21 +0000"
    },
    "done": true
  },
  "ferdinandsflowers:recipes/misc/b12b_dark_magenta_dye_petticoat": {
    "criteria": {
      "has_the_recipe": "2024-11-03 23:17:21 +0000"
    },
    "done": true
  },
  "ferdinandsflowers:recipes/misc/b8_light_lavender_dye_crocus": {
    "criteria": {
      "has_the_recipe": "2024-11-03 23:17:21 +0000"
    },
    "done": true
  },
  "ferdinandsflowers:recipes/misc/b11_magenta_pink_dye_fuchsia": {
    "criteria": {
      "has_the_recipe": "2024-11-03 23:17:21 +0000"
    },
    "done": true
  },
  "minecraft:recipes/redstone/noteblock": {
    "criteria": {
      "has_the_recipe": "2024-11-03 23:17:21 +0000"
    },
    "done": true
  },
  "aether_legacy:recipes/building_blocks/holystone_brick": {
    "criteria": {
      "has_the_recipe": "2024-11-03 23:17:21 +0000"
    },
    "done": true
  },
  "minecraft:recipes/decorations/light_blue_bed_from_white_bed": {
    "criteria": {
      "has_the_recipe": "2024-11-03 23:17:21 +0000"
    },
    "done": true
  },
  "minecraft:recipes/building_blocks/red_concrete_powder": {
    "criteria": {
      "has_the_recipe": "2024-11-03 23:17:21 +0000"
    },
    "done": true
  },
  "tombstone:tutorial/root": {
    "criteria": {
      "auto": "2024-11-03 23:17:21 +0000"
    },
    "done": true
  },
  "minecraft:recipes/tools/golden_pickaxe": {
    "criteria": {
      "has_the_recipe": "2024-11-03 23:17:21 +0000"
    },
    "done": true
  },
  "aether_legacy:recipes/building_blocks/skyroot_slab": {
    "criteria": {
      "has_the_recipe": "2024-11-03 23:17:21 +0000"
    },
    "done": true
  },
  "ferdinandsflowers:recipes/misc/b3_blue_dye_morning": {
    "criteria": {
      "has_the_recipe": "2024-11-03 23:17:21 +0000"
    },
    "done": true
  },
  "ferdinandsflowers:recipes/misc/4b_orange_yellow_dye_freesia": {
    "criteria": {
      "has_the_recipe": "2024-11-03 23:17:21 +0000"
    },
    "done": true
  },
  "minecraft:recipes/redstone/sticky_piston": {
    "criteria": {
      "has_the_recipe": "2024-11-03 23:17:21 +0000"
    },
    "done": true
  },
  "aether_legacy:recipes/building_blocks/aerogel_stairs": {
    "criteria": {
      "has_the_recipe": "2024-11-03 23:17:21 +0000"
    },
    "done": true
  },
  "ferdinandsflowers:recipes/misc/11_dark_green_dye_datura": {
    "criteria": {
      "has_the_recipe": "2024-11-03 23:17:21 +0000"
    },
    "done": true
  },
  "minecraft:recipes/brewing/magma_cream": {
    "criteria": {
      "has_the_recipe": "2024-11-03 23:17:21 +0000"
    },
    "done": true
  },
  "minecraft:recipes/decorations/green_carpet": {
    "criteria": {
      "has_the_recipe": "2024-11-03 23:17:21 +0000"
    },
    "done": true
  },
  "aether_legacy:recipes/building_blocks/holystone_brick_slab": {
    "criteria": {
      "has_the_recipe": "2024-11-03 23:17:21 +0000"
    },
    "done": true
  },
  "ferdinandsflowers:recipes/misc/11b_dark_green_dye_tall_lily": {
    "criteria": {
      "has_the_recipe": "2024-11-03 23:17:21 +0000"
    },
    "done": true
  },
  "ferdinandsflowers:recipes/misc/5b_yellow_orange_dye_day_lily": {
    "criteria": {
      "has_the_recipe": "2024-11-03 23:17:21 +0000"
    },
    "done": true
  },
  "minecraft:recipes/misc/gray_dye": {
    "criteria": {
      "has_the_recipe": "2024-11-03 23:17:21 +0000"
    },
    "done": true
  },
  "aether_legacy:recipes/building_blocks/carved_slab": {
    "criteria": {
      "has_the_recipe": "2024-11-03 23:17:21 +0000"
    },
    "done": true
  },
  "minecraft:adventure/adventuring_time": {
    "criteria": {
      "plains": "2024-11-03 23:17:21 +0000",
      "savanna": "2024-11-03 23:19:25 +0000"
    },
    "done": false
  },
  "minecraft:recipes/misc/book": {
    "criteria": {
      "has_the_recipe": "2024-11-03 23:17:21 +0000"
    },
    "done": true
  },
  "minecraft:recipes/decorations/purple_bed_from_white_bed": {
    "criteria": {
      "has_the_recipe": "2024-11-03 23:17:21 +0000"
    },
    "done": true
  },
  "minecraft:recipes/building_blocks/birch_wooden_slab": {
    "criteria": {
      "has_the_recipe": "2024-11-03 23:17:21 +0000"
    },
    "done": true
  },
  "minecraft:recipes/building_blocks/purpur_slab": {
    "criteria": {
      "has_the_recipe": "2024-11-03 23:17:21 +0000"
    },
    "done": true
  },
  "familiarfauna:recipes/tools/bug_habitat": {
    "criteria": {
      "has_the_recipe": "2024-11-03 23:17:21 +0000"
    },
    "done": true
  },
  "minecraft:recipes/combat/stone_sword": {
    "criteria": {
      "has_the_recipe": "2024-11-03 23:17:21 +0000"
    },
    "done": true
  },
  "minecraft:recipes/decorations/light_gray_carpet": {
    "criteria": {
      "has_the_recipe": "2024-11-03 23:17:21 +0000"
    },
    "done": true
  },
  "minecraft:recipes/decorations/cobblestone_wall": {
    "criteria": {
      "has_the_recipe": "2024-11-03 23:17:21 +0000"
    },
    "done": true
  },
  "aether_legacy:recipes/combat/golden_dart_shooter": {
    "criteria": {
      "has_the_recipe": "2024-11-03 23:17:21 +0000"
    },
    "done": true
  },
  "minecraft:recipes/decorations/magenta_banner": {
    "criteria": {
      "has_the_recipe": "2024-11-03 23:17:21 +0000"
    },
    "done": true
  },
  "minecraft:recipes/decorations/light_blue_banner": {
    "criteria": {
      "has_the_recipe": "2024-11-03 23:17:21 +0000"
    },
    "done": true
  },
  "minecraft:recipes/brewing/fermented_spider_eye": {
    "criteria": {
      "has_the_recipe": "2024-11-03 23:17:21 +0000"
    },
    "done": true
  },
  "minecraft:recipes/decorations/purple_carpet": {
    "criteria": {
      "has_the_recipe": "2024-11-03 23:17:21 +0000"
    },
    "done": true
  },
  "minecraft:recipes/tools/stone_pickaxe": {
    "criteria": {
      "has_the_recipe": "2024-11-03 23:17:21 +0000"
    },
    "done": true
  },
  "ferdinandsflowers:recipes/misc/3c_orange_dye_flame_pea": {
    "criteria": {
      "has_the_recipe": "2024-11-03 23:17:21 +0000"
    },
    "done": true
  },
  "aether_legacy:recipes/combat/zanite_gloves": {
    "criteria": {
      "has_the_recipe": "2024-11-03 23:17:21 +0000"
    },
    "done": true
  },
  "minecraft:recipes/building_blocks/orange_stained_hardened_clay": {
    "criteria": {
      "has_the_recipe": "2024-11-03 23:17:21 +0000"
    },
    "done": true
  },
  "minecraft:recipes/building_blocks/brown_stained_glass": {
    "criteria": {
      "has_the_recipe": "2024-11-03 23:17:21 +0000"
    },
    "done": true
  },
  "ferdinandsflowers:recipes/misc/0_dark_red_dye_gladiola": {
    "criteria": {
      "has_the_recipe": "2024-11-03 23:17:21 +0000"
    },
    "done": true
  },
  "minecraft:recipes/redstone/stone_pressure_plate": {
    "criteria": {
      "has_the_recipe": "2024-11-03 23:17:21 +0000"
    },
    "done": true
  },
  "minecraft:recipes/transportation/boat": {
    "criteria": {
      "has_the_recipe": "2024-11-03 23:17:21 +0000"
    },
    "done": true
  },
  "minecraft:recipes/misc/purple_dye": {
    "criteria": {
      "has_the_recipe": "2024-11-03 23:17:21 +0000"
    },
    "done": true
  },
  "minecraft:recipes/combat/leather_boots": {
    "criteria": {
      "has_the_recipe": "2024-11-03 23:17:21 +0000"
    },
    "done": true
  },
  "minecraft:recipes/misc/red_dye_from_tulip": {
    "criteria": {
      "has_the_recipe": "2024-11-03 23:17:21 +0000"
    },
    "done": true
  },
  "aether_legacy:recipes/building_blocks/hellfire_slab": {
    "criteria": {
      "has_the_recipe": "2024-11-03 23:17:21 +0000"
    },
    "done": true
  },
  "minecraft:recipes/building_blocks/brown_stained_hardened_clay": {
    "criteria": {
      "has_the_recipe": "2024-11-03 23:17:21 +0000"
    },
    "done": true
  },
  "minecraft:recipes/misc/orange_dye_from_orange_tulip": {
    "criteria": {
      "has_the_recipe": "2024-11-03 23:17:21 +0000"
    },
    "done": true
  },
  "minecraft:recipes/decorations/brown_carpet": {
    "criteria": {
      "has_the_recipe": "2024-11-03 23:17:21 +0000"
    },
    "done": true
  },
  "minecraft:recipes/building_blocks/light_gray_stained_glass": {
    "criteria": {
      "has_the_recipe": "2024-11-03 23:17:21 +0000"
    },
    "done": true
  },
  "minecraft:recipes/building_blocks/diamond_block": {
    "criteria": {
      "has_the_recipe": "2024-11-03 23:17:21 +0000"
    },
    "done": true
  },
  "aether_legacy:recipes/decorations/skyroot_fence": {
    "criteria": {
      "has_the_recipe": "2024-11-03 23:17:21 +0000"
    },
    "done": true
  },
  "aether_legacy:recipes/combat/zanite_boots": {
    "criteria": {
      "has_the_recipe": "2024-11-03 23:17:21 +0000"
    },
    "done": true
  },
  "minecraft:recipes/decorations/red_stained_glass_pane": {
    "criteria": {
      "has_the_recipe": "2024-11-03 23:17:21 +0000"
    },
    "done": true
  },
  "minecraft:recipes/decorations/purple_shulker_box": {
    "criteria": {
      "has_the_recipe": "2024-11-03 23:17:21 +0000"
    },
    "done": true
  },
  "minecraft:recipes/decorations/flower_pot": {
    "criteria": {
      "has_the_recipe": "2024-11-03 23:17:21 +0000"
    },
    "done": true
  },
  "minecraft:recipes/building_blocks/lapis_block": {
    "criteria": {
      "has_the_recipe": "2024-11-03 23:17:21 +0000"
    },
    "done": true
  },
  "ferdinandsflowers:recipes/misc/b15_pink_dye_hawthorne": {
    "criteria": {
      "has_the_recipe": "2024-11-03 23:17:21 +0000"
    },
    "done": true
  },
  "wolfarmor:recipes/combat/iron_wolf_armor": {
    "criteria": {
      "has_the_recipe": "2024-11-03 23:17:21 +0000"
    },
    "done": true
  },
  "minecraft:recipes/decorations/yellow_carpet": {
    "criteria": {
      "has_the_recipe": "2024-11-03 23:17:21 +0000"
    },
    "done": true
  },
  "minecraft:recipes/building_blocks/brick_slab": {
    "criteria": {
      "has_the_recipe": "2024-11-03 23:17:21 +0000"
    },
    "done": true
  },
  "ferdinandsflowers:recipes/misc/10_green_dye_aloe": {
    "criteria": {
      "has_the_recipe": "2024-11-03 23:17:21 +0000"
    },
    "done": true
  },
  "ferdinandsflowers:recipes/misc/10c_green_dye_yucca_flower": {
    "criteria": {
      "has_the_recipe": "2024-11-03 23:17:21 +0000"
    },
    "done": true
  },
  "minecraft:recipes/transportation/tnt_minecart": {
    "criteria": {
      "has_the_recipe": "2024-11-03 23:17:21 +0000"
    },
    "done": true
  },
  "ferdinandsflowers:recipes/misc/b10_magenta_dye_magenta": {
    "criteria": {
      "has_the_recipe": "2024-11-03 23:17:21 +0000"
    },
    "done": true
  },
  "minecraft:recipes/building_blocks/melon_block": {
    "criteria": {
      "has_the_recipe": "2024-11-03 23:17:21 +0000"
    },
    "done": true
  },
  "cfm:root": {
    "criteria": {
      "tick": "2024-11-03 23:17:21 +0000"
    },
    "done": true
  },
  "ferdinandsflowers:recipes/misc/13b_aqua_dye_mendo_poppy": {
    "criteria": {
      "has_the_recipe": "2024-11-03 23:17:21 +0000"
    },
    "done": true
  },
  "ferdinandsflowers:recipes/misc/6c_yellow_dye_freesia": {
    "criteria": {
      "has_the_recipe": "2024-11-03 23:17:21 +0000"
    },
    "done": true
  },
  "ferdinandsflowers:recipes/misc/6b_yellow_dye_daffodil": {
    "criteria": {
      "has_the_recipe": "2024-11-03 23:17:21 +0000"
    },
    "done": true
  },
  "minecraft:recipes/building_blocks/prismarine": {
    "criteria": {
      "has_the_recipe": "2024-11-03 23:17:21 +0000"
    },
    "done": true
  },
  "minecraft:recipes/food/cookie": {
    "criteria": {
      "has_the_recipe": "2024-11-03 23:17:21 +0000"
    },
    "done": true
  },
  "ferdinandsflowers:recipes/misc/b7b_lavender_dye_indigo": {
    "criteria": {
      "has_the_recipe": "2024-11-03 23:17:21 +0000"
    },
    "done": true
  },
  "minecraft:recipes/misc/diamond": {
    "criteria": {
      "has_the_recipe": "2024-11-03 23:17:21 +0000"
    },
    "done": true
  },
  "minecraft:recipes/misc/bone_meal_from_block": {
    "criteria": {
      "has_the_recipe": "2024-11-03 23:17:21 +0000"
    },
    "done": true
  },
  "minecraft:recipes/building_blocks/polished_diorite": {
    "criteria": {
      "has_the_recipe": "2024-11-03 23:17:21 +0000"
    },
    "done": true
  },
  "ferdinandsflowers:recipes/misc/12_blue_green_dye_manzanita": {
    "criteria": {
      "has_the_recipe": "2024-11-03 23:17:21 +0000"
    },
    "done": true
  },
  "ferdinandsflowers:recipes/misc/b1b_blue_bell_dye_button": {
    "criteria": {
      "has_the_recipe": "2024-11-03 23:17:21 +0000"
    },
    "done": true
  },
  "ferdinandsflowers:recipes/misc/b13_dark_pink_dye_quince": {
    "criteria": {
      "has_the_recipe": "2024-11-03 23:17:21 +0000"
    },
    "done": true
  },
  "minecraft:recipes/building_blocks/light_gray_wool": {
    "criteria": {
      "has_the_recipe": "2024-11-03 23:17:21 +0000"
    },
    "done": true
  },
  "aether_legacy:recipes/building_blocks/skyroot_planks": {
    "criteria": {
      "has_the_recipe": "2024-11-03 23:17:21 +0000"
    },
    "done": true
  },
  "minecraft:recipes/building_blocks/purple_stained_hardened_clay": {
    "criteria": {
      "has_the_recipe": "2024-11-03 23:17:21 +0000"
    },
    "done": true
  },
  "minecraft:recipes/decorations/red_bed_from_white_bed": {
    "criteria": {
      "has_the_recipe": "2024-11-03 23:17:21 +0000"
    },
    "done": true
  },
  "minecraft:recipes/building_blocks/red_wool": {
    "criteria": {
      "has_the_recipe": "2024-11-03 23:17:21 +0000"
    },
    "done": true
  },
  "minecraft:recipes/misc/light_gray_dye_from_oxeye_daisy": {
    "criteria": {
      "has_the_recipe": "2024-11-03 23:17:21 +0000"
    },
    "done": true
  },
  "minecraft:recipes/building_blocks/acacia_stairs": {
    "criteria": {
      "has_the_recipe": "2024-11-03 23:17:21 +0000"
    },
    "done": true
  },
  "minecraft:recipes/misc/orange_dye_from_red_yellow": {
    "criteria": {
      "has_the_recipe": "2024-11-03 23:17:21 +0000"
    },
    "done": true
  },
  "ferdinandsflowers:recipes/misc/1_red_dye_poppy": {
    "criteria": {
      "has_the_recipe": "2024-11-03 23:17:21 +0000"
    },
    "done": true
  },
  "minecraft:recipes/tools/stone_axe": {
    "criteria": {
      "has_the_recipe": "2024-11-03 23:17:21 +0000"
    },
    "done": true
  },
  "minecraft:recipes/misc/fire_charge": {
    "criteria": {
      "has_the_recipe": "2024-11-03 23:17:21 +0000"
    },
    "done": true
  },
  "minecraft:recipes/decorations/blue_banner": {
    "criteria": {
      "has_the_recipe": "2024-11-03 23:17:21 +0000"
    },
    "done": true
  },
  "aether_legacy:recipes/building_blocks/holystone_slab": {
    "criteria": {
      "has_the_recipe": "2024-11-03 23:17:21 +0000"
    },
    "done": true
  },
  "aether_legacy:recipes/combat/gravitite_boots": {
    "criteria": {
      "has_the_recipe": "2024-11-03 23:17:21 +0000"
    },
    "done": true
  },
  "minecraft:recipes/decorations/slime": {
    "criteria": {
      "has_the_recipe": "2024-11-03 23:17:21 +0000"
    },
    "done": true
  },
  "aether_legacy:recipes/misc/saddle": {
    "criteria": {
      "has_the_recipe": "2024-11-03 23:17:21 +0000"
    },
    "done": true
  },
  "minecraft:recipes/building_blocks/purple_wool": {
    "criteria": {
      "has_the_recipe": "2024-11-03 23:17:21 +0000"
    },
    "done": true
  },
  "minecraft:recipes/food/rabbit_stew_from_brown_mushroom": {
    "criteria": {
      "has_the_recipe": "2024-11-03 23:17:21 +0000"
    },
    "done": true
  },
  "minecraft:recipes/decorations/blue_bed": {
    "criteria": {
      "has_the_recipe": "2024-11-03 23:17:21 +0000"
    },
    "done": true
  },
  "minecraft:recipes/building_blocks/magenta_concrete_powder": {
    "criteria": {
      "has_the_recipe": "2024-11-03 23:17:21 +0000"
    },
    "done": true
  },
  "aether_legacy:recipes/building_blocks/hellfire_wall": {
    "criteria": {
      "has_the_recipe": "2024-11-03 23:17:21 +0000"
    },
    "done": true
  },
  "minecraft:recipes/building_blocks/pillar_quartz_block": {
    "criteria": {
      "has_the_recipe": "2024-11-03 23:17:21 +0000"
    },
    "done": true
  },
  "minecraft:recipes/decorations/lime_carpet": {
    "criteria": {
      "has_the_recipe": "2024-11-03 23:17:21 +0000"
    },
    "done": true
  },
  "minecraft:recipes/decorations/green_bed": {
    "criteria": {
      "has_the_recipe": "2024-11-03 23:17:21 +0000"
    },
    "done": true
  },
  "minecraft:recipes/misc/writable_book": {
    "criteria": {
      "has_the_recipe": "2024-11-03 23:17:21 +0000"
    },
    "done": true
  },
  "minecraft:recipes/building_blocks/oak_wooden_slab": {
    "criteria": {
      "has_the_recipe": "2024-11-03 23:17:21 +0000"
    },
    "done": true
  },
  "explorercraft:explorercraft/root": {
    "criteria": {
      "explorercraft": "2024-11-03 23:17:21 +0000"
    },
    "done": true
  },
  "minecraft:recipes/misc/wheat": {
    "criteria": {
      "has_the_recipe": "2024-11-03 23:17:21 +0000"
    },
    "done": true
  },
  "minecraft:recipes/decorations/white_bed": {
    "criteria": {
      "has_the_recipe": "2024-11-03 23:17:21 +0000"
    },
    "done": true
  },
  "minecraft:recipes/decorations/lime_banner": {
    "criteria": {
      "has_the_recipe": "2024-11-03 23:17:21 +0000"
    },
    "done": true
  },
  "ferdinandsflowers:recipes/misc/b2_medium_blue_dye_commelina": {
    "criteria": {
      "has_the_recipe": "2024-11-03 23:17:21 +0000"
    },
    "done": true
  },
  "minecraft:recipes/transportation/furnace_minecart": {
    "criteria": {
      "has_the_recipe": "2024-11-03 23:17:21 +0000"
    },
    "done": true
  },
  "aether_legacy:recipes/building_blocks/skyroot_bookshelf": {
    "criteria": {
      "has_the_recipe": "2024-11-03 23:17:21 +0000"
    },
    "done": true
  },
  "minecraft:recipes/decorations/magenta_bed": {
    "criteria": {
      "has_the_recipe": "2024-11-03 23:17:21 +0000"
    },
    "done": true
  },
  "explorercraft:explorercraft/slate": {
    "criteria": {
      "has_the_recipe": "2024-11-03 23:17:21 +0000"
    },
    "done": true
  },
  "minecraft:recipes/food/rabbit_stew_from_red_mushroom": {
    "criteria": {
      "has_the_recipe": "2024-11-03 23:17:21 +0000"
    },
    "done": true
  },
  "minecraft:recipes/building_blocks/dark_prismarine": {
    "criteria": {
      "has_the_recipe": "2024-11-03 23:17:21 +0000"
    },
    "done": true
  },
  "minecraft:recipes/redstone/redstone": {
    "criteria": {
      "has_the_recipe": "2024-11-03 23:17:21 +0000"
    },
    "done": true
  },
  "minecraft:recipes/tools/golden_hoe": {
    "criteria": {
      "has_the_recipe": "2024-11-03 23:17:21 +0000"
    },
    "done": true
  },
  "minecraft:recipes/food/bread": {
    "criteria": {
      "has_the_recipe": "2024-11-03 23:17:21 +0000"
    },
    "done": true
  },
  "minecraft:recipes/decorations/lime_stained_glass_pane": {
    "criteria": {
      "has_the_recipe": "2024-11-03 23:17:21 +0000"
    },
    "done": true
  },
  "minecraft:recipes/misc/iron_nugget": {
    "criteria": {
      "has_the_recipe": "2024-11-03 23:17:21 +0000"
    },
    "done": true
  },
  "ferdinandsflowers:recipes/misc/b10b_magenta_dye_zinnia": {
    "criteria": {
      "has_the_recipe": "2024-11-03 23:17:21 +0000"
    },
    "done": true
  },
  "minecraft:recipes/transportation/hopper_minecart": {
    "criteria": {
      "has_the_recipe": "2024-11-03 23:17:21 +0000"
    },
    "done": true
  },
  "minecraft:recipes/building_blocks/brown_concrete_powder": {
    "criteria": {
      "has_the_recipe": "2024-11-03 23:17:21 +0000"
    },
    "done": true
  },
  "ferdinandsflowers:recipes/misc/b0_light_blue_dye_forget": {
    "criteria": {
      "has_the_recipe": "2024-11-03 23:17:21 +0000"
    },
    "done": true
  },
  "minecraft:recipes/decorations/black_bed_from_white_bed": {
    "criteria": {
      "has_the_recipe": "2024-11-03 23:17:21 +0000"
    },
    "done": true
  },
  "minecraft:recipes/decorations/pink_carpet": {
    "criteria": {
      "has_the_recipe": "2024-11-03 23:17:21 +0000"
    },
    "done": true
  },
  "aether_legacy:recipes/tools/skyroot_pickaxe": {
    "criteria": {
      "has_the_recipe": "2024-11-03 23:17:21 +0000"
    },
    "done": true
  },
  "aether_legacy:recipes/combat/poison_dart_shooter": {
    "criteria": {
      "has_the_recipe": "2024-11-03 23:17:21 +0000"
    },
    "done": true
  },
  "minecraft:recipes/decorations/cyan_stained_glass_pane": {
    "criteria": {
      "has_the_recipe": "2024-11-03 23:17:21 +0000"
    },
    "done": true
  },
  "minecraft:recipes/combat/diamond_sword": {
    "criteria": {
      "has_the_recipe": "2024-11-03 23:17:21 +0000"
    },
    "done": true
  },
  "aether_legacy:recipes/building_blocks/holystone_brick_stairs": {
    "criteria": {
      "has_the_recipe": "2024-11-03 23:17:21 +0000"
    },
    "done": true
  },
  "minecraft:recipes/building_blocks/blue_stained_glass": {
    "criteria": {
      "has_the_recipe": "2024-11-03 23:17:21 +0000"
    },
    "done": true
  },
  "minecraft:recipes/building_blocks/cyan_wool": {
    "criteria": {
      "has_the_recipe": "2024-11-03 23:17:21 +0000"
    },
    "done": true
  },
  "aether_legacy:recipes/combat/gold_gloves": {
    "criteria": {
      "has_the_recipe": "2024-11-03 23:17:21 +0000"
    },
    "done": true
  },
  "minecraft:recipes/decorations/sign": {
    "criteria": {
      "has_the_recipe": "2024-11-03 23:17:21 +0000"
    },
    "done": true
  },
  "minecraft:recipes/decorations/jukebox": {
    "criteria": {
      "has_the_recipe": "2024-11-03 23:17:21 +0000"
    },
    "done": true
  },
  "minecraft:recipes/transportation/spruce_boat": {
    "criteria": {
      "has_the_recipe": "2024-11-03 23:17:21 +0000"
    },
    "done": true
  },
  "minecraft:recipes/building_blocks/diorite": {
    "criteria": {
      "has_the_recipe": "2024-11-03 23:17:21 +0000"
    },
    "done": true
  },
  "minecraft:recipes/tools/flint_and_steel": {
    "criteria": {
      "has_the_recipe": "2024-11-03 23:17:21 +0000"
    },
    "done": true
  },
  "aether_legacy:recipes/building_blocks/skyroot_stairs": {
    "criteria": {
      "has_the_recipe": "2024-11-03 23:17:21 +0000"
    },
    "done": true
  },
  "minecraft:recipes/misc/red_dye_from_beetroot": {
    "criteria": {
      "has_the_recipe": "2024-11-03 23:17:21 +0000"
    },
    "done": true
  },
  "minecraft:recipes/food/mushroom_stew": {
    "criteria": {
      "has_the_recipe": "2024-11-03 23:17:21 +0000"
    },
    "done": true
  },
  "minecraft:recipes/building_blocks/gray_wool": {
    "criteria": {
      "has_the_recipe": "2024-11-03 23:17:21 +0000"
    },
    "done": true
  },
  "minecraft:recipes/misc/gold_nugget": {
    "criteria": {
      "has_the_recipe": "2024-11-03 23:17:21 +0000"
    },
    "done": true
  },
  "minecraft:recipes/tools/wooden_hoe": {
    "criteria": {
      "has_the_recipe": "2024-11-03 23:17:21 +0000"
    },
    "done": true
  },
  "ferdinandsflowers:recipes/misc/10b_green_dye_yucca": {
    "criteria": {
      "has_the_recipe": "2024-11-03 23:17:21 +0000"
    },
    "done": true
  },
  "aether_legacy:recipes/building_blocks/carved_stairs": {
    "criteria": {
      "has_the_recipe": "2024-11-03 23:17:21 +0000"
    },
    "done": true
  },
  "minecraft:recipes/misc/bucket": {
    "criteria": {
      "has_the_recipe": "2024-11-03 23:17:21 +0000"
    },
    "done": true
  },
  "ferdinandsflowers:recipes/misc/9b_lime_dye_clover": {
    "criteria": {
      "has_the_recipe": "2024-11-03 23:17:21 +0000"
    },
    "done": true
  },
  "minecraft:recipes/decorations/yellow_bed_from_white_bed": {
    "criteria": {
      "has_the_recipe": "2024-11-03 23:17:21 +0000"
    },
    "done": true
  },
  "ferdinandsflowers:recipes/misc/b4b_dark_blue_dye_borage": {
    "criteria": {
      "has_the_recipe": "2024-11-03 23:17:21 +0000"
    },
    "done": true
  },
  "ferdinandsflowers:recipes/misc/b3b_blue_dye_button": {
    "criteria": {
      "has_the_recipe": "2024-11-03 23:17:21 +0000"
    },
    "done": true
  },
  "explorercraft:explorercraft/basalt": {
    "criteria": {
      "has_the_recipe": "2024-11-03 23:17:21 +0000"
    },
    "done": true
  },
  "minecraft:recipes/decorations/orange_stained_glass_pane": {
    "criteria": {
      "has_the_recipe": "2024-11-03 23:17:21 +0000"
    },
    "done": true
  },
  "tombstone:tutorial/info_grave_key": {
    "criteria": {
      "grave_key": "2024-11-03 23:20:45 +0000"
    },
    "done": true
  },
  "ferdinandsflowers:recipes/misc/5_yellow_orange_dye_cosmos": {
    "criteria": {
      "has_the_recipe": "2024-11-03 23:17:21 +0000"
    },
    "done": true
  },
  "minecraft:recipes/decorations/white_banner": {
    "criteria": {
      "has_the_recipe": "2024-11-03 23:17:21 +0000"
    },
    "done": true
  },
  "aether_legacy:recipes/tools/gravitite_pickaxe": {
    "criteria": {
      "has_the_recipe": "2024-11-03 23:17:21 +0000"
    },
    "done": true
  },
  "aether_legacy:recipes/combat/iron_gloves": {
    "criteria": {
      "has_the_recipe": "2024-11-03 23:17:21 +0000"
    },
    "done": true
  },
  "minecraft:recipes/building_blocks/light_blue_concrete_powder": {
    "criteria": {
      "has_the_recipe": "2024-11-03 23:17:21 +0000"
    },
    "done": true
  },
  "minecraft:recipes/decorations/pink_banner": {
    "criteria": {
      "has_the_recipe": "2024-11-03 23:17:21 +0000"
    },
    "done": true
  },
  "minecraft:recipes/decorations/mossy_cobblestone_wall": {
    "criteria": {
      "has_the_recipe": "2024-11-03 23:17:21 +0000"
    },
    "done": true
  },
  "minecraft:recipes/building_blocks/hay_block": {
    "criteria": {
      "has_the_recipe": "2024-11-03 23:17:21 +0000"
    },
    "done": true
  },
  "twilightforest:alt/compat/tconstruct": {
    "criteria": {
      "book": "2024-11-03 23:17:21 +0000"
    },
    "done": true
  },
  "minecraft:recipes/decorations/lime_bed": {
    "criteria": {
      "has_the_recipe": "2024-11-03 23:17:21 +0000"
    },
    "done": true
  },
  "minecraft:recipes/tools/golden_shovel": {
    "criteria": {
      "has_the_recipe": "2024-11-03 23:17:21 +0000"
    },
    "done": true
  },
  "minecraft:recipes/combat/iron_helmet": {
    "criteria": {
      "has_the_recipe": "2024-11-03 23:17:21 +0000"
    },
    "done": true
  },
  "aether_legacy:recipes/misc/purple_dye_flower": {
    "criteria": {
      "has_the_recipe": "2024-11-03 23:17:21 +0000"
    },
    "done": true
  },
  "minecraft:recipes/combat/bow": {
    "criteria": {
      "has_the_recipe": "2024-11-03 23:17:21 +0000"
    },
    "done": true
  },
  "aether_legacy:recipes/combat/gravitite_sword": {
    "criteria": {
      "has_the_recipe": "2024-11-03 23:17:21 +0000"
    },
    "done": true
  },
  "ferdinandsflowers:recipes/misc/b14b_medium_pink_dye_echinacea": {
    "criteria": {
      "has_the_recipe": "2024-11-03 23:17:21 +0000"
    },
    "done": true
  },
  "minecraft:recipes/redstone/tnt": {
    "criteria": {
      "has_the_recipe": "2024-11-03 23:17:21 +0000"
    },
    "done": true
  },
  "minecraft:recipes/decorations/black_stained_glass_pane": {
    "criteria": {
      "has_the_recipe": "2024-11-03 23:17:21 +0000"
    },
    "done": true
  },
  "minecraft:recipes/building_blocks/smooth_sandstone": {
    "criteria": {
      "has_the_recipe": "2024-11-03 23:17:21 +0000"
    },
    "done": true
  },
  "minecraft:recipes/building_blocks/granite": {
    "criteria": {
      "has_the_recipe": "2024-11-03 23:17:21 +0000"
    },
    "done": true
  },
  "minecraft:recipes/building_blocks/purple_concrete_powder": {
    "criteria": {
      "has_the_recipe": "2024-11-03 23:17:21 +0000"
    },
    "done": true
  },
  "ferdinandsflowers:recipes/misc/15b_cloud_blue_dye_cowslip": {
    "criteria": {
      "has_the_recipe": "2024-11-03 23:17:21 +0000"
    },
    "done": true
  },
  "minecraft:recipes/decorations/orange_bed_from_white_bed": {
    "criteria": {
      "has_the_recipe": "2024-11-03 23:17:21 +0000"
    },
    "done": true
  },
  "minecraft:recipes/combat/diamond_chestplate": {
    "criteria": {
      "has_the_recipe": "2024-11-03 23:17:21 +0000"
    },
    "done": true
  },
  "minecraft:recipes/decorations/orange_carpet": {
    "criteria": {
      "has_the_recipe": "2024-11-03 23:17:21 +0000"
    },
    "done": true
  },
  "minecraft:recipes/transportation/minecart": {
    "criteria": {
      "has_the_recipe": "2024-11-03 23:17:21 +0000"
    },
    "done": true
  },
  "minecraft:recipes/decorations/furnace": {
    "criteria": {
      "has_the_recipe": "2024-11-03 23:17:21 +0000"
    },
    "done": true
  },
  "minecraft:recipes/misc/beacon": {
    "criteria": {
      "has_the_recipe": "2024-11-03 23:17:21 +0000"
    },
    "done": true
  },
  "minecraft:recipes/food/beetroot_soup": {
    "criteria": {
      "has_the_recipe": "2024-11-03 23:17:21 +0000"
    },
    "done": true
  },
  "minecraft:recipes/decorations/green_stained_glass_pane": {
    "criteria": {
      "has_the_recipe": "2024-11-03 23:17:21 +0000"
    },
    "done": true
  },
  "minecraft:recipes/building_blocks/orange_wool": {
    "criteria": {
      "has_the_recipe": "2024-11-03 23:17:21 +0000"
    },
    "done": true
  },
  "minecraft:recipes/tools/wooden_pickaxe": {
    "criteria": {
      "has_the_recipe": "2024-11-03 23:17:21 +0000"
    },
    "done": true
  },
  "minecraft:recipes/tools/iron_hoe": {
    "criteria": {
      "has_the_recipe": "2024-11-03 23:17:21 +0000"
    },
    "done": true
  },
  "minecraft:recipes/decorations/cyan_carpet": {
    "criteria": {
      "has_the_recipe": "2024-11-03 23:17:21 +0000"
    },
    "done": true
  },
  "minecraft:recipes/redstone/redstone_torch": {
    "criteria": {
      "has_the_recipe": "2024-11-03 23:17:21 +0000"
    },
    "done": true
  },
  "minecraft:recipes/building_blocks/stone_brick_slab": {
    "criteria": {
      "has_the_recipe": "2024-11-03 23:17:21 +0000"
    },
    "done": true
  },
  "ferdinandsflowers:recipes/misc/15_cloud_blue_dye_corydalis": {
    "criteria": {
      "has_the_recipe": "2024-11-03 23:17:21 +0000"
    },
    "done": true
  },
  "minecraft:recipes/transportation/birch_boat": {
    "criteria": {
      "has_the_recipe": "2024-11-03 23:17:21 +0000"
    },
    "done": true
  },
  "minecraft:recipes/food/golden_apple": {
    "criteria": {
      "has_the_recipe": "2024-11-03 23:17:21 +0000"
    },
    "done": true
  },
  "ferdinandsflowers:recipes/misc/0b_dark_red_dye_desert_pea": {
    "criteria": {
      "has_the_recipe": "2024-11-03 23:17:21 +0000"
    },
    "done": true
  },
  "minecraft:recipes/building_blocks/green_concrete_powder": {
    "criteria": {
      "has_the_recipe": "2024-11-03 23:17:21 +0000"
    },
    "done": true
  },
  "cfm:install": {
    "criteria": {
      "tick": "2024-11-03 23:17:21 +0000"
    },
    "done": true
  },
  "minecraft:recipes/decorations/enchanting_table": {
    "criteria": {
      "has_the_recipe": "2024-11-03 23:17:21 +0000"
    },
    "done": true
  },
  "aether_legacy:recipes/misc/blue_cape": {
    "criteria": {
      "has_the_recipe": "2024-11-03 23:17:21 +0000"
    },
    "done": true
  },
  "minecraft:recipes/misc/light_gray_dye_from_ink_bonemeal": {
    "criteria": {
      "has_the_recipe": "2024-11-03 23:17:21 +0000"
    },
    "done": true
  },
  "aether_legacy:recipes/combat/holystone_sword": {
    "criteria": {
      "has_the_recipe": "2024-11-03 23:17:21 +0000"
    },
    "done": true
  },
  "minecraft:recipes/tools/iron_shovel": {
    "criteria": {
      "has_the_recipe": "2024-11-03 23:17:21 +0000"
    },
    "done": true
  },
  "minecraft:recipes/redstone/acacia_door": {
    "criteria": {
      "has_the_recipe": "2024-11-03 23:17:21 +0000"
    },
    "done": true
  },
  "minecraft:recipes/building_blocks/orange_stained_glass": {
    "criteria": {
      "has_the_recipe": "2024-11-03 23:17:21 +0000"
    },
    "done": true
  },
  "minecraft:recipes/decorations/cyan_bed_from_white_bed": {
    "criteria": {
      "has_the_recipe": "2024-11-03 23:17:21 +0000"
    },
    "done": true
  },
  "minecraft:recipes/misc/bowl": {
    "criteria": {
      "has_the_recipe": "2024-11-03 23:17:21 +0000"
    },
    "done": true
  },
  "ferdinandsflowers:recipes/misc/b13b_dark_pink_dye_clover": {
    "criteria": {
      "has_the_recipe": "2024-11-03 23:17:21 +0000"
    },
    "done": true
  },
  "minecraft:recipes/decorations/item_frame": {
    "criteria": {
      "has_the_recipe": "2024-11-03 23:17:21 +0000"
    },
    "done": true
  },
  "minecraft:recipes/decorations/lime_bed_from_white_bed": {
    "criteria": {
      "has_the_recipe": "2024-11-03 23:17:21 +0000"
    },
    "done": true
  },
  "aether_legacy:recipes/tools/zanite_pickaxe": {
    "criteria": {
      "has_the_recipe": "2024-11-03 23:17:21 +0000"
    },
    "done": true
  },
  "minecraft:recipes/tools/clock": {
    "criteria": {
      "has_the_recipe": "2024-11-03 23:17:21 +0000"
    },
    "done": true
  },
  "minecraft:recipes/tools/stone_hoe": {
    "criteria": {
      "has_the_recipe": "2024-11-03 23:17:21 +0000"
    },
    "done": true
  },
  "minecraft:recipes/decorations/spruce_fence": {
    "criteria": {
      "has_the_recipe": "2024-11-03 23:17:21 +0000"
    },
    "done": true
  },
  "minecraft:recipes/tools/diamond_hoe": {
    "criteria": {
      "has_the_recipe": "2024-11-03 23:17:21 +0000"
    },
    "done": true
  },
  "minecraft:recipes/transportation/activator_rail": {
    "criteria": {
      "has_the_recipe": "2024-11-03 23:17:21 +0000"
    },
    "done": true
  },
  "minecraft:recipes/combat/spectral_arrow": {
    "criteria": {
      "has_the_recipe": "2024-11-03 23:17:21 +0000"
    },
    "done": true
  },
  "tombstone:tutorial/cancel_ghostly_shape": {
    "criteria": {
      "coded_trigger": "2024-11-03 23:20:59 +0000"
    },
    "done": true
  },
  "aether_legacy:recipes/building_blocks/angelic_wall": {
    "criteria": {
      "has_the_recipe": "2024-11-03 23:17:21 +0000"
    },
    "done": true
  },
  "minecraft:recipes/decorations/white_stained_glass_pane": {
    "criteria": {
      "has_the_recipe": "2024-11-03 23:17:21 +0000"
    },
    "done": true
  },
  "minecraft:recipes/tools/diamond_shovel": {
    "criteria": {
      "has_the_recipe": "2024-11-03 23:17:21 +0000"
    },
    "done": true
  },
  "minecraft:recipes/building_blocks/dark_oak_stairs": {
    "criteria": {
      "has_the_recipe": "2024-11-03 23:17:21 +0000"
    },
    "done": true
  },
  "aether_legacy:recipes/tools/iron_pendant": {
    "criteria": {
      "has_the_recipe": "2024-11-03 23:17:21 +0000"
    },
    "done": true
  },
  "minecraft:recipes/decorations/end_crystal": {
    "criteria": {
      "has_the_recipe": "2024-11-03 23:17:21 +0000"
    },
    "done": true
  },
  "minecraft:recipes/decorations/green_bed_from_white_bed": {
    "criteria": {
      "has_the_recipe": "2024-11-03 23:17:21 +0000"
    },
    "done": true
  },
  "aether_legacy:recipes/tools/holystone_shovel": {
    "criteria": {
      "has_the_recipe": "2024-11-03 23:17:21 +0000"
    },
    "done": true
  },
  "aether_legacy:recipes/misc/skyroot_stick": {
    "criteria": {
      "has_the_recipe": "2024-11-03 23:17:21 +0000"
    },
    "done": true
  },
  "tombstone:recipes/from_decorative_grave": {
    "criteria": {
      "has_ingredient": "2024-11-03 23:20:45 +0000"
    },
    "done": true
  },
  "minecraft:recipes/decorations/white_carpet": {
    "criteria": {
      "has_the_recipe": "2024-11-03 23:17:21 +0000"
    },
    "done": true
  },
  "minecraft:recipes/decorations/ender_chest": {
    "criteria": {
      "has_the_recipe": "2024-11-03 23:17:21 +0000"
    },
    "done": true
  },
  "aether_legacy:recipes/combat/diamond_gloves": {
    "criteria": {
      "has_the_recipe": "2024-11-03 23:17:21 +0000"
    },
    "done": true
  },
  "minecraft:recipes/building_blocks/spruce_stairs": {
    "criteria": {
      "has_the_recipe": "2024-11-03 23:17:21 +0000"
    },
    "done": true
  },
  "minecraft:recipes/building_blocks/red_sandstone_slab": {
    "criteria": {
      "has_the_recipe": "2024-11-03 23:17:21 +0000"
    },
    "done": true
  },
  "aether_legacy:recipes/building_blocks/mossy_holystone_slab": {
    "criteria": {
      "has_the_recipe": "2024-11-03 23:17:21 +0000"
    },
    "done": true
  },
  "wolfarmor:recipes/combat/diamond_wolf_armor": {
    "criteria": {
      "has_the_recipe": "2024-11-03 23:17:21 +0000"
    },
    "done": true
  },
  "tombstone:tutorial/first_grave": {
    "criteria": {
      "coded_trigger": "2024-11-03 23:20:45 +0000"
    },
    "done": true
  },
  "minecraft:recipes/redstone/birch_door": {
    "criteria": {
      "has_the_recipe": "2024-11-03 23:17:21 +0000"
    },
    "done": true
  },
  "ferdinandsflowers:recipes/misc/2_red_orange_dye_ocotillo": {
    "criteria": {
      "has_the_recipe": "2024-11-03 23:17:21 +0000"
    },
    "done": true
  },
  "aether_legacy:recipes/combat/gravitite_chestplate": {
    "criteria": {
      "has_the_recipe": "2024-11-03 23:17:21 +0000"
    },
    "done": true
  },
  "minecraft:recipes/decorations/green_banner": {
    "criteria": {
      "has_the_recipe": "2024-11-03 23:17:21 +0000"
    },
    "done": true
  },
  "aether_legacy:recipes/building_blocks/hellfire_stairs": {
    "criteria": {
      "has_the_recipe": "2024-11-03 23:17:21 +0000"
    },
    "done": true
  },
  "minecraft:recipes/decorations/glass_pane": {
    "criteria": {
      "has_the_recipe": "2024-11-03 23:17:21 +0000"
    },
    "done": true
  },
  "ferdinandsflowers:recipes/misc/13_aqua_dye_daffodil": {
    "criteria": {
      "has_the_recipe": "2024-11-03 23:17:21 +0000"
    },
    "done": true
  },
  "minecraft:recipes/misc/gold_ingot_from_nuggets": {
    "criteria": {
      "has_the_recipe": "2024-11-03 23:17:21 +0000"
    },
    "done": true
  },
  "minecraft:recipes/decorations/purple_banner": {
    "criteria": {
      "has_the_recipe": "2024-11-03 23:17:21 +0000"
    },
    "done": true
  },
  "minecraft:recipes/misc/lapis_lazuli": {
    "criteria": {
      "has_the_recipe": "2024-11-03 23:17:21 +0000"
    },
    "done": true
  },
  "minecraft:recipes/building_blocks/magenta_stained_glass": {
    "criteria": {
      "has_the_recipe": "2024-11-03 23:17:21 +0000"
    },
    "done": true
  },
  "minecraft:recipes/combat/diamond_helmet": {
    "criteria": {
      "has_the_recipe": "2024-11-03 23:17:21 +0000"
    },
    "done": true
  },
  "aether_legacy:recipes/misc/gold_parachute": {
    "criteria": {
      "has_the_recipe": "2024-11-03 23:17:21 +0000"
    },
    "done": true
  },
  "minecraft:recipes/decorations/anvil": {
    "criteria": {
      "has_the_recipe": "2024-11-03 23:17:21 +0000"
    },
    "done": true
  },
  "minecraft:recipes/misc/pink_dye_from_pink_tulip": {
    "criteria": {
      "has_the_recipe": "2024-11-03 23:17:21 +0000"
    },
    "done": true
  },
  "minecraft:recipes/decorations/blue_bed_from_white_bed": {
    "criteria": {
      "has_the_recipe": "2024-11-03 23:17:21 +0000"
    },
    "done": true
  },
  "minecraft:recipes/decorations/birch_fence": {
    "criteria": {
      "has_the_recipe": "2024-11-03 23:17:21 +0000"
    },
    "done": true
  },
  "minecraft:recipes/misc/gold_ingot_from_block": {
    "criteria": {
      "has_the_recipe": "2024-11-03 23:17:21 +0000"
    },
    "done": true
  },
  "minecraft:recipes/building_blocks/cyan_concrete_powder": {
    "criteria": {
      "has_the_recipe": "2024-11-03 23:17:21 +0000"
    },
    "done": true
  },
  "minecraft:recipes/building_blocks/stone_brick_stairs": {
    "criteria": {
      "has_the_recipe": "2024-11-03 23:17:21 +0000"
    },
    "done": true
  },
  "minecraft:recipes/combat/golden_boots": {
    "criteria": {
      "has_the_recipe": "2024-11-03 23:17:21 +0000"
    },
    "done": true
  },
  "aether_legacy:recipes/misc/book_of_lore": {
    "criteria": {
      "has_the_recipe": "2024-11-03 23:17:21 +0000"
    },
    "done": true
  },
  "ferdinandsflowers:recipes/misc/b7_lavender_dye_larkspur": {
    "criteria": {
      "has_the_recipe": "2024-11-03 23:17:21 +0000"
    },
    "done": true
  },
  "minecraft:recipes/tools/wooden_axe": {
    "criteria": {
      "has_the_recipe": "2024-11-03 23:17:21 +0000"
    },
    "done": true
  },
  "aether_legacy:recipes/tools/zanite_shovel": {
    "criteria": {
      "has_the_recipe": "2024-11-03 23:17:21 +0000"
    },
    "done": true
  },
  "aether_legacy:recipes/combat/zanite_sword": {
    "criteria": {
      "has_the_recipe": "2024-11-03 23:17:21 +0000"
    },
    "done": true
  },
  "minecraft:recipes/building_blocks/lime_wool": {
    "criteria": {
      "has_the_recipe": "2024-11-03 23:17:21 +0000"
    },
    "done": true
  },
  "aether_legacy:recipes/building_blocks/holystone_brick_wall": {
    "criteria": {
      "has_the_recipe": "2024-11-03 23:17:21 +0000"
    },
    "done": true
  },
  "aether_legacy:recipes/building_blocks/carved_wall": {
    "criteria": {
      "has_the_recipe": "2024-11-03 23:17:21 +0000"
    },
    "done": true
  },
  "aether_legacy:recipes/combat/gravitite_helmet": {
    "criteria": {
      "has_the_recipe": "2024-11-03 23:17:21 +0000"
    },
    "done": true
  },
  "minecraft:recipes/misc/paper": {
    "criteria": {
      "has_the_recipe": "2024-11-03 23:17:21 +0000"
    },
    "done": true
  },
  "minecraft:recipes/misc/magenta_dye_from_lapis_ink_bonemeal": {
    "criteria": {
      "has_the_recipe": "2024-11-03 23:17:21 +0000"
    },
    "done": true
  },
  "ferdinandsflowers:recipes/misc/b15b_pink_dye_heart": {
    "criteria": {
      "has_the_recipe": "2024-11-03 23:17:21 +0000"
    },
    "done": true
  },
  "minecraft:recipes/misc/pink_dye_from_peony": {
    "criteria": {
      "has_the_recipe": "2024-11-03 23:17:21 +0000"
    },
    "done": true
  },
  "minecraft:recipes/building_blocks/chiseled_sandstone": {
    "criteria": {
      "has_the_recipe": "2024-11-03 23:17:21 +0000"
    },
    "done": true
  },
  "minecraft:recipes/misc/light_blue_dye_from_lapis_bonemeal": {
    "criteria": {
      "has_the_recipe": "2024-11-03 23:17:21 +0000"
    },
    "done": true
  },
  "minecraft:recipes/building_blocks/green_wool": {
    "criteria": {
      "has_the_recipe": "2024-11-03 23:17:21 +0000"
    },
    "done": true
  },
  "minecraft:recipes/tools/diamond_axe": {
    "criteria": {
      "has_the_recipe": "2024-11-03 23:17:21 +0000"
    },
    "done": true
  },
  "wolfarmor:recipes/combat/chainmail_wolf_armor": {
    "criteria": {
      "has_the_recipe": "2024-11-03 23:17:21 +0000"
    },
    "done": true
  },
  "explorercraft:explorercraft/marble": {
    "criteria": {
      "has_the_recipe": "2024-11-03 23:17:21 +0000"
    },
    "done": true
  },
  "minecraft:recipes/building_blocks/brown_wool": {
    "criteria": {
      "has_the_recipe": "2024-11-03 23:17:21 +0000"
    },
    "done": true
  },
  "ferdinandsflowers:recipes/misc/b5b_blue_purple_dye_wolfs_bane": {
    "criteria": {
      "has_the_recipe": "2024-11-03 23:17:21 +0000"
    },
    "done": true
  },
  "aether_legacy:recipes/decorations/enchanter": {
    "criteria": {
      "has_the_recipe": "2024-11-03 23:17:21 +0000"
    },
    "done": true
  },
  "minecraft:recipes/building_blocks/end_bricks": {
    "criteria": {
      "has_the_recipe": "2024-11-03 23:17:21 +0000"
    },
    "done": true
  },
  "minecraft:recipes/decorations/painting": {
    "criteria": {
      "has_the_recipe": "2024-11-03 23:17:21 +0000"
    },
    "done": true
  },
  "minecraft:recipes/decorations/pink_bed": {
    "criteria": {
      "has_the_recipe": "2024-11-03 23:17:21 +0000"
    },
    "done": true
  },
  "minecraft:recipes/building_blocks/white_stained_glass": {
    "criteria": {
      "has_the_recipe": "2024-11-03 23:17:21 +0000"
    },
    "done": true
  },
  "aether_legacy:recipes/tools/zanite_axe": {
    "criteria": {
      "has_the_recipe": "2024-11-03 23:17:21 +0000"
    },
    "done": true
  },
  "minecraft:recipes/decorations/black_carpet": {
    "criteria": {
      "has_the_recipe": "2024-11-03 23:17:21 +0000"
    },
    "done": true
  },
  "minecraft:recipes/combat/arrow": {
    "criteria": {
      "has_the_recipe": "2024-11-03 23:17:21 +0000"
    },
    "done": true
  },
  "minecraft:recipes/building_blocks/stone_slab": {
    "criteria": {
      "has_the_recipe": "2024-11-03 23:17:21 +0000"
    },
    "done": true
  },
  "aether_legacy:recipes/combat/gravitite_gloves": {
    "criteria": {
      "has_the_recipe": "2024-11-03 23:17:21 +0000"
    },
    "done": true
  },
  "minecraft:recipes/redstone/acacia_fence_gate": {
    "criteria": {
      "has_the_recipe": "2024-11-03 23:17:21 +0000"
    },
    "done": true
  },
  "minecraft:recipes/building_blocks/coal_block": {
    "criteria": {
      "has_the_recipe": "2024-11-03 23:17:21 +0000"
    },
    "done": true
  },
  "minecraft:recipes/redstone/light_weighted_pressure_plate": {
    "criteria": {
      "has_the_recipe": "2024-11-03 23:17:21 +0000"
    },
    "done": true
  },
  "minecraft:recipes/decorations/snow_layer": {
    "criteria": {
      "has_the_recipe": "2024-11-03 23:17:21 +0000"
    },
    "done": true
  },
  "minecraft:recipes/tools/stone_shovel": {
    "criteria": {
      "has_the_recipe": "2024-11-03 23:17:21 +0000"
    },
    "done": true
  },
  "minecraft:recipes/decorations/yellow_stained_glass_pane": {
    "criteria": {
      "has_the_recipe": "2024-11-03 23:17:21 +0000"
    },
    "done": true
  },
  "familiarfauna:recipes/tools/bug_net": {
    "criteria": {
      "has_the_recipe": "2024-11-03 23:17:21 +0000"
    },
    "done": true
  },
  "minecraft:recipes/building_blocks/blue_concrete_powder": {
    "criteria": {
      "has_the_recipe": "2024-11-03 23:17:21 +0000"
    },
    "done": true
  },
  "ferdinandsflowers:recipes/misc/4_orange_yellow_dye_ca_poppy": {
    "criteria": {
      "has_the_recipe": "2024-11-03 23:17:21 +0000"
    },
    "done": true
  },
  "ferdinandsflowers:recipes/misc/b6_purple_dye_notch": {
    "criteria": {
      "has_the_recipe": "2024-11-03 23:17:21 +0000"
    },
    "done": true
  },
  "minecraft:recipes/building_blocks/cyan_stained_glass": {
    "criteria": {
      "has_the_recipe": "2024-11-03 23:17:21 +0000"
    },
    "done": true
  },
  "ferdinandsflowers:recipes/misc/6_yellow_dye_crocus": {
    "criteria": {
      "has_the_recipe": "2024-11-03 23:17:21 +0000"
    },
    "done": true
  },
  "minecraft:recipes/building_blocks/light_blue_stained_hardened_clay": {
    "criteria": {
      "has_the_recipe": "2024-11-03 23:17:21 +0000"
    },
    "done": true
  },
  "minecraft:recipes/building_blocks/cyan_stained_hardened_clay": {
    "criteria": {
      "has_the_recipe": "2024-11-03 23:17:21 +0000"
    },
    "done": true
  },
  "minecraft:recipes/building_blocks/andesite": {
    "criteria": {
      "has_the_recipe": "2024-11-03 23:17:21 +0000"
    },
    "done": true
  },
  "minecraft:recipes/combat/golden_helmet": {
    "criteria": {
      "has_the_recipe": "2024-11-03 23:17:21 +0000"
    },
    "done": true
  },
  "minecraft:recipes/tools/lead": {
    "criteria": {
      "has_the_recipe": "2024-11-03 23:17:21 +0000"
    },
    "done": true
  },
  "minecraft:recipes/building_blocks/jungle_wooden_slab": {
    "criteria": {
      "has_the_recipe": "2024-11-03 23:17:21 +0000"
    },
    "done": true
  },
  "minecraft:recipes/building_blocks/smooth_red_sandstone": {
    "criteria": {
      "has_the_recipe": "2024-11-03 23:17:21 +0000"
    },
    "done": true
  },
  "aether_legacy:recipes/misc/gray_dye_flower": {
    "criteria": {
      "has_the_recipe": "2024-11-03 23:17:21 +0000"
    },
    "done": true
  },
  "aether_legacy:recipes/building_blocks/mossy_holystone_wall": {
    "criteria": {
      "has_the_recipe": "2024-11-03 23:17:21 +0000"
    },
    "done": true
  },
  "aether_legacy:recipes/tools/holystone_axe": {
    "criteria": {
      "has_the_recipe": "2024-11-03 23:17:21 +0000"
    },
    "done": true
  },
  "minecraft:recipes/misc/slime_ball": {
    "criteria": {
      "has_the_recipe": "2024-11-03 23:17:21 +0000"
    },
    "done": true
  },
  "minecraft:recipes/redstone/dropper": {
    "criteria": {
      "has_the_recipe": "2024-11-03 23:17:21 +0000"
    },
    "done": true
  },
  "minecraft:recipes/misc/coal": {
    "criteria": {
      "has_the_recipe": "2024-11-03 23:17:21 +0000"
    },
    "done": true
  },
  "minecraft:recipes/building_blocks/magma": {
    "criteria": {
      "has_the_recipe": "2024-11-03 23:17:21 +0000"
    },
    "done": true
  },
  "minecraft:recipes/brewing/brewing_stand": {
    "criteria": {
      "has_the_recipe": "2024-11-03 23:17:21 +0000"
    },
    "done": true
  },
  "minecraft:recipes/building_blocks/string_to_wool": {
    "criteria": {
      "has_the_recipe": "2024-11-03 23:17:21 +0000"
    },
    "done": true
  },
  "minecraft:recipes/combat/leather_chestplate": {
    "criteria": {
      "has_the_recipe": "2024-11-03 23:17:21 +0000"
    },
    "done": true
  },
  "minecraft:recipes/building_blocks/acacia_planks": {
    "criteria": {
      "has_the_recipe": "2024-11-03 23:17:21 +0000"
    },
    "done": true
  },
  "minecraft:recipes/tools/compass": {
    "criteria": {
      "has_the_recipe": "2024-11-03 23:17:21 +0000"
    },
    "done": true
  },
  "minecraft:recipes/redstone/repeater": {
    "criteria": {
      "has_the_recipe": "2024-11-03 23:17:21 +0000"
    },
    "done": true
  },
  "aether_legacy:recipes/combat/golden_dart": {
    "criteria": {
      "has_the_recipe": "2024-11-03 23:17:21 +0000"
    },
    "done": true
  },
  "ferdinandsflowers:recipes/misc/b0c_light_blue_dye_parasol": {
    "criteria": {
      "has_the_recipe": "2024-11-03 23:17:21 +0000"
    },
    "done": true
  },
  "cwsr:recipes/sword_handle": {
    "criteria": {
      "has_item": "2024-11-03 23:17:21 +0000"
    },
    "done": true
  },
  "aether_legacy:recipes/tools/gold_ring": {
    "criteria": {
      "has_the_recipe": "2024-11-03 23:17:21 +0000"
    },
    "done": true
  },
  "minecraft:recipes/building_blocks/polished_andesite": {
    "criteria": {
      "has_the_recipe": "2024-11-03 23:17:21 +0000"
    },
    "done": true
  },
  "minecraft:recipes/building_blocks/quartz_block": {
    "criteria": {
      "has_the_recipe": "2024-11-03 23:17:21 +0000"
    },
    "done": true
  },
  "aether_legacy:recipes/combat/poison_dart": {
    "criteria": {
      "has_the_recipe": "2024-11-03 23:17:21 +0000"
    },
    "done": true
  },
  "minecraft:recipes/redstone/iron_door": {
    "criteria": {
      "has_the_recipe": "2024-11-03 23:17:21 +0000"
    },
    "done": true
  },
  "minecraft:recipes/building_blocks/purpur_block": {
    "criteria": {
      "has_the_recipe": "2024-11-03 23:17:21 +0000"
    },
    "done": true
  },
  "minecraft:recipes/building_blocks/pink_stained_hardened_clay": {
    "criteria": {
      "has_the_recipe": "2024-11-03 23:17:21 +0000"
    },
    "done": true
  },
  "tombstone:recipes/from_strange_scroll": {
    "criteria": {
      "has_ingredient": "2024-11-03 23:20:59 +0000"
    },
    "done": true
  },
  "ferdinandsflowers:recipes/misc/7_light_yellow_dye_corydalis": {
    "criteria": {
      "has_the_recipe": "2024-11-03 23:17:21 +0000"
    },
    "done": true
  },
  "ferdinandsflowers:recipes/misc/8b_yellow_green_dye_albuca": {
    "criteria": {
      "has_the_recipe": "2024-11-03 23:17:21 +0000"
    },
    "done": true
  },
  "minecraft:recipes/decorations/nether_brick_fence": {
    "criteria": {
      "has_the_recipe": "2024-11-03 23:17:21 +0000"
    },
    "done": true
  },
  "ferdinandsflowers:recipes/misc/b14_medium_pink_dye_gladiola": {
    "criteria": {
      "has_the_recipe": "2024-11-03 23:17:21 +0000"
    },
    "done": true
  },
  "minecraft:recipes/misc/magenta_dye_from_allium": {
    "criteria": {
      "has_the_recipe": "2024-11-03 23:17:21 +0000"
    },
    "done": true
  },
  "minecraft:recipes/decorations/red_bed": {
    "criteria": {
      "has_the_recipe": "2024-11-03 23:17:21 +0000"
    },
    "done": true
  },
  "aether_legacy:recipes/combat/zanite_helmet": {
    "criteria": {
      "has_the_recipe": "2024-11-03 23:17:21 +0000"
    },
    "done": true
  },
  "minecraft:recipes/misc/iron_ingot_from_nuggets": {
    "criteria": {
      "has_the_recipe": "2024-11-03 23:17:21 +0000"
    },
    "done": true
  },
  "minecraft:recipes/decorations/cyan_bed": {
    "criteria": {
      "has_the_recipe": "2024-11-03 23:17:21 +0000"
    },
    "done": true
  },
  "ferdinandsflowers:recipes/misc/b11b_magenta_pink_dye_clover": {
    "criteria": {
      "has_the_recipe": "2024-11-03 23:17:21 +0000"
    },
    "done": true
  },
  "minecraft:recipes/transportation/jungle_boat": {
    "criteria": {
      "has_the_recipe": "2024-11-03 23:17:21 +0000"
    },
    "done": true
  },
  "minecraft:recipes/building_blocks/magenta_stained_hardened_clay": {
    "criteria": {
      "has_the_recipe": "2024-11-03 23:17:21 +0000"
    },
    "done": true
  },
  "minecraft:recipes/building_blocks/birch_stairs": {
    "criteria": {
      "has_the_recipe": "2024-11-03 23:17:21 +0000"
    },
    "done": true
  },
  "minecraft:recipes/building_blocks/jungle_stairs": {
    "criteria": {
      "has_the_recipe": "2024-11-03 23:17:21 +0000"
    },
    "done": true
  },
  "wolfarmor:recipes/combat/leather_wolf_armor": {
    "criteria": {
      "has_the_recipe": "2024-11-03 23:17:21 +0000"
    },
    "done": true
  },
  "minecraft:recipes/redstone/heavy_weighted_pressure_plate": {
    "criteria": {
      "has_the_recipe": "2024-11-03 23:17:21 +0000"
    },
    "done": true
  },
  "ferdinandsflowers:recipes/misc/b8b_light_lavender_dye_heavenly": {
    "criteria": {
      "has_the_recipe": "2024-11-03 23:17:21 +0000"
    },
    "done": true
  },
  "minecraft:recipes/transportation/carrot_on_a_stick": {
    "criteria": {
      "has_the_recipe": "2024-11-03 23:17:21 +0000"
    },
    "done": true
  },
  "minecraft:recipes/transportation/dark_oak_boat": {
    "criteria": {
      "has_the_recipe": "2024-11-03 23:17:21 +0000"
    },
    "done": true
  },
  "minecraft:recipes/redstone/daylight_detector": {
    "criteria": {
      "has_the_recipe": "2024-11-03 23:17:21 +0000"
    },
    "done": true
  },
  "minecraft:recipes/food/pumpkin_pie": {
    "criteria": {
      "has_the_recipe": "2024-11-03 23:17:21 +0000"
    },
    "done": true
  },
  "minecraft:recipes/building_blocks/purpur_pillar": {
    "criteria": {
      "has_the_recipe": "2024-11-03 23:17:21 +0000"
    },
    "done": true
  },
  "minecraft:recipes/building_blocks/pink_wool": {
    "criteria": {
      "has_the_recipe": "2024-11-03 23:17:21 +0000"
    },
    "done": true
  },
  "minecraft:recipes/decorations/end_rod": {
    "criteria": {
      "has_the_recipe": "2024-11-03 23:17:21 +0000"
    },
    "done": true
  },
  "minecraft:recipes/redstone/jungle_door": {
    "criteria": {
      "has_the_recipe": "2024-11-03 23:17:21 +0000"
    },
    "done": true
  },
  "minecraft:recipes/building_blocks/nether_brick_stairs": {
    "criteria": {
      "has_the_recipe": "2024-11-03 23:17:21 +0000"
    },
    "done": true
  },
  "minecraft:recipes/decorations/brown_bed_from_white_bed": {
    "criteria": {
      "has_the_recipe": "2024-11-03 23:17:21 +0000"
    },
    "done": true
  },
  "minecraft:recipes/building_blocks/lit_pumpkin": {
    "criteria": {
      "has_the_recipe": "2024-11-03 23:17:21 +0000"
    },
    "done": true
  },
  "minecraft:recipes/building_blocks/polished_granite": {
    "criteria": {
      "has_the_recipe": "2024-11-03 23:17:21 +0000"
    },
    "done": true
  },
  "minecraft:recipes/redstone/jungle_fence_gate": {
    "criteria": {
      "has_the_recipe": "2024-11-03 23:17:21 +0000"
    },
    "done": true
  },
  "aether_legacy:recipes/misc/zanite_from_block": {
    "criteria": {
      "has_the_recipe": "2024-11-03 23:17:21 +0000"
    },
    "done": true
  },
  "minecraft:recipes/building_blocks/stonebrick": {
    "criteria": {
      "has_the_recipe": "2024-11-03 23:17:21 +0000"
    },
    "done": true
  },
  "minecraft:recipes/redstone/piston": {
    "criteria": {
      "has_the_recipe": "2024-11-03 23:17:21 +0000"
    },
    "done": true
  },
  "minecraft:recipes/combat/golden_leggings": {
    "criteria": {
      "has_the_recipe": "2024-11-03 23:17:21 +0000"
    },
    "done": true
  },
  "minecraft:recipes/building_blocks/stone_stairs": {
    "criteria": {
      "has_the_recipe": "2024-11-03 23:17:21 +0000"
    },
    "done": true
  },
  "minecraft:recipes/building_blocks/chiseled_red_sandstone": {
    "criteria": {
      "has_the_recipe": "2024-11-03 23:17:21 +0000"
    },
    "done": true
  },
  "minecraft:recipes/transportation/rail": {
    "criteria": {
      "has_the_recipe": "2024-11-03 23:17:21 +0000"
    },
    "done": true
  },
  "minecraft:recipes/decorations/brown_stained_glass_pane": {
    "criteria": {
      "has_the_recipe": "2024-11-03 23:17:21 +0000"
    },
    "done": true
  },
  "minecraft:recipes/building_blocks/light_gray_stained_hardened_clay": {
    "criteria": {
      "has_the_recipe": "2024-11-03 23:17:21 +0000"
    },
    "done": true
  },
  "minecraft:recipes/decorations/dark_oak_fence": {
    "criteria": {
      "has_the_recipe": "2024-11-03 23:17:21 +0000"
    },
    "done": true
  },
  "minecraft:recipes/combat/diamond_boots": {
    "criteria": {
      "has_the_recipe": "2024-11-03 23:17:21 +0000"
    },
    "done": true
  },
  "ferdinandsflowers:recipes/misc/14b_cyan_dye_parasol": {
    "criteria": {
      "has_the_recipe": "2024-11-03 23:17:21 +0000"
    },
    "done": true
  },
  "minecraft:recipes/building_blocks/nether_brick": {
    "criteria": {
      "has_the_recipe": "2024-11-03 23:17:21 +0000"
    },
    "done": true
  },
  "minecraft:recipes/decorations/light_blue_bed": {
    "criteria": {
      "has_the_recipe": "2024-11-03 23:17:21 +0000"
    },
    "done": true
  },
  "minecraft:recipes/redstone/wooden_door": {
    "criteria": {
      "has_the_recipe": "2024-11-03 23:17:21 +0000"
    },
    "done": true
  },
  "minecraft:recipes/building_blocks/chiseled_stonebrick": {
    "criteria": {
      "has_the_recipe": "2024-11-03 23:17:21 +0000"
    },
    "done": true
  },
  "minecraft:recipes/building_blocks/pink_stained_glass": {
    "criteria": {
      "has_the_recipe": "2024-11-03 23:17:21 +0000"
    },
    "done": true
  },
  "aether_legacy:recipes/decorations/incubator": {
    "criteria": {
      "has_the_recipe": "2024-11-03 23:17:21 +0000"
    },
    "done": true
  },
  "minecraft:recipes/decorations/light_gray_stained_glass_pane": {
    "criteria": {
      "has_the_recipe": "2024-11-03 23:17:21 +0000"
    },
    "done": true
  },
  "minecraft:recipes/decorations/light_gray_bed_from_white_bed": {
    "criteria": {
      "has_the_recipe": "2024-11-03 23:17:21 +0000"
    },
    "done": true
  },
  "minecraft:recipes/building_blocks/bone_block": {
    "criteria": {
      "has_the_recipe": "2024-11-03 23:17:21 +0000"
    },
    "done": true
  }
}