{
	"biome": "netherex:torrid_wasteland",
	"generationWeight": 6,
	"useDefaultDecorations": true,
	"isSubBiome": false,
	"blocks": {
		"surface": {
			"block": "netherex:fiery_netherrack"
		},
		"liquid": {
			"block": "minecraft:lava"
		},
		"subsurface": {
			"block": "netherex:fiery_netherrack"
		}
	},
	"entities": [
		{
			"spawnWeight": 30,
			"minimumGroupCount": 1,
			"maximumGroupCount": 4,
			"entity": "minecraft:magma_cube"
		}, 
		{
			"spawnWeight": 25,
			"minimumGroupCount": 1,
			"maximumGroupCount": 3,
			"entity": "netherex:ember"
		}, 
		{
			"spawnWeight": 100,
			"minimumGroupCount": 1,
			"maximumGroupCount": 2,
			"entity": "netherex:salamander"
		}, 
		{
			"spawnWeight": 1,
			"minimumGroupCount": 1,
			"maximumGroupCount": 1,
			"entity": "mutantbeasts:mutant_enderman"
		}, 
		{
			"spawnWeight": 1,
			"minimumGroupCount": 1,
			"maximumGroupCount": 1,
			"entity": "mutantbeasts:mutant_creeper"
		}, 
		{
			"spawnWeight": 1,
			"minimumGroupCount": 1,
			"maximumGroupCount": 1,
			"entity": "mutantbeasts:mutant_skeleton"
		}, 
		{
			"spawnWeight": 1,
			"minimumGroupCount": 1,
			"maximumGroupCount": 1,
			"entity": "mutantbeasts:mutant_zombie"
		}, 
		{
			"spawnWeight": 50,
			"minimumGroupCount": 4,
			"maximumGroupCount": 8,
			"entity": "mob_mash:mothman"
		}, 
		{
			"spawnWeight": 75,
			"minimumGroupCount": 2,
			"maximumGroupCount": 4,
			"entity": "mob_mash:reptomaniac"
		}, 
		{
			"spawnWeight": 100,
			"minimumGroupCount": 4,
			"maximumGroupCount": 12,
			"entity": "mob_mash:slagmite"
		}, 
		{
			"spawnWeight": 25,
			"minimumGroupCount": 1,
			"maximumGroupCount": 3,
			"entity": "mob_mash:doppelganger"
		}, 
		{
			"spawnWeight": 50,
			"minimumGroupCount": 2,
			"maximumGroupCount": 5,
			"entity": "mob_mash:cursedtool"
		}, 
		{
			"spawnWeight": 4,
			"minimumGroupCount": 1,
			"maximumGroupCount": 1,
			"entity": "mowziesmobs:barakoana"
		}, 
		{
			"spawnWeight": 1,
			"minimumGroupCount": 2,
			"maximumGroupCount": 4,
			"entity": "mob_mash:nomad"
		}, 
		{
			"spawnWeight": 8,
			"minimumGroupCount": 1,
			"maximumGroupCount": 2,
			"entity": "mob_mash:grizzlybear"
		}, 
		{
			"spawnWeight": 100,
			"minimumGroupCount": 3,
			"maximumGroupCount": 3,
			"entity": "primitivemobs:skeleton_warrior"
		}, 
		{
			"spawnWeight": 20,
			"minimumGroupCount": 1,
			"maximumGroupCount": 1,
			"entity": "primitivemobs:treasure_slime"
		}, 
		{
			"spawnWeight": 70,
			"minimumGroupCount": 1,
			"maximumGroupCount": 1,
			"entity": "primitivemobs:haunted_tool"
		}, 
		{
			"spawnWeight": 100,
			"minimumGroupCount": 1,
			"maximumGroupCount": 1,
			"entity": "multimob:dummy"
		}, 
		{
			"spawnWeight": 100,
			"minimumGroupCount": 1,
			"maximumGroupCount": 1,
			"entity": "primitivemobs:goblin"
		}, 
		{
			"spawnWeight": 10,
			"minimumGroupCount": 1,
			"maximumGroupCount": 1,
			"entity": "primitivemobs:festive_creeper"
		}, 
		{
			"spawnWeight": 100,
			"minimumGroupCount": 1,
			"maximumGroupCount": 1,
			"entity": "primitivemobs:bewitched_tome"
		}, 
		{
			"spawnWeight": 10,
			"minimumGroupCount": 1,
			"maximumGroupCount": 1,
			"entity": "primitivemobs:void_eye"
		}, 
		{
			"spawnWeight": 10,
			"minimumGroupCount": 1,
			"maximumGroupCount": 1,
			"entity": "primitivemobs:blazing_juggernaut"
		}, 
		{
			"spawnWeight": 10,
			"minimumGroupCount": 1,
			"maximumGroupCount": 1,
			"entity": "primitivemobs:festive_creeper"
		}, 
		{
			"spawnWeight": 5,
			"minimumGroupCount": 1,
			"maximumGroupCount": 1,
			"entity": "primitivemobs:trollager"
		}, 
		{
			"spawnWeight": 50,
			"minimumGroupCount": 1,
			"maximumGroupCount": 1,
			"entity": "primitivemobs:rocket_creeper"
		}, 
		{
			"spawnWeight": 25,
			"minimumGroupCount": 1,
			"maximumGroupCount": 1,
			"entity": "primitivemobs:trollager"
		}, 
		{
			"spawnWeight": 20,
			"minimumGroupCount": 1,
			"maximumGroupCount": 1,
			"entity": "primitivemobs:bewitched_tome"
		}, 
		{
			"spawnWeight": 30,
			"minimumGroupCount": 1,
			"maximumGroupCount": 1,
			"entity": "primitivemobs:support_creeper"
		}, 
		{
			"spawnWeight": 40,
			"minimumGroupCount": 1,
			"maximumGroupCount": 1,
			"entity": "primitivemobs:mother_spider"
		}, 
		{
			"spawnWeight": 100,
			"minimumGroupCount": 1,
			"maximumGroupCount": 3,
			"entity": "primitivemobs:harpy"
		}, 
		{
			"spawnWeight": 50,
			"minimumGroupCount": 3,
			"maximumGroupCount": 3,
			"entity": "primitivemobs:goblin"
		}, 
		{
			"spawnWeight": 4,
			"minimumGroupCount": 1,
			"maximumGroupCount": 1,
			"entity": "primitivemobs:lost_miner"
		}, 
		{
			"spawnWeight": 50,
			"minimumGroupCount": 1,
			"maximumGroupCount": 1,
			"entity": "multimob:dummy"
		}, 
		{
			"spawnWeight": 25,
			"minimumGroupCount": 1,
			"maximumGroupCount": 1,
			"entity": "primitivemobs:traveling_merchant"
		}, 
		{
			"spawnWeight": 100,
			"minimumGroupCount": 1,
			"maximumGroupCount": 2,
			"entity": "primitivemobs:dodo"
		}, 
		{
			"spawnWeight": 40,
			"minimumGroupCount": 1,
			"maximumGroupCount": 2,
			"entity": "primitivemobs:sheepman"
		}, 
		{
			"spawnWeight": 50,
			"minimumGroupCount": 1,
			"maximumGroupCount": 1,
			"entity": "multimob:dummy"
		}, 
		{
			"spawnWeight": 100,
			"minimumGroupCount": 1,
			"maximumGroupCount": 1,
			"entity": "primitivemobs:flame_spewer"
		}, 
		{
			"spawnWeight": 50,
			"minimumGroupCount": 1,
			"maximumGroupCount": 1,
			"entity": "multimob:dummy"
		}, 
		{
			"spawnWeight": 100,
			"minimumGroupCount": 1,
			"maximumGroupCount": 1,
			"entity": "primitivemobs:flame_spewer"
		}
	],
	"traits": [
		{
			"generationAttempts": 8,
			"generationStage": "terrain_alteration",
			"generationProbability": 1.0,
			"minimumGenerationHeight": 10,
			"blockToSpawn": {
				"block": "minecraft:flowing_lava"
			},
			"randomizeGenerationAttempts": false,
			"trait": "libraryex:pool",
			"maximumGenerationHeight": 108,
			"blockToSurround": {
				"block": "netherex:fiery_netherrack"
			}
		}, 
		{
			"generationAttempts": 16,
			"generationStage": "decoration",
			"generationProbability": 1.0,
			"minimumGenerationHeight": 4,
			"blockToTarget": {
				"block": "netherex:fiery_netherrack"
			},
			"blockToSpawn": {
				"block": "minecraft:flowing_lava"
			},
			"randomizeGenerationAttempts": false,
			"trait": "libraryex:fluid",
			"maximumGenerationHeight": 124,
			"generateFalling": false
		}, 
		{
			"generationAttempts": 20,
			"generationStage": "decoration",
			"generationProbability": 1.0,
			"minimumGenerationHeight": 4,
			"blockToSpawn": {
				"block": "minecraft:fire"
			},
			"blockToTarget": {
				"block": "netherex:fiery_netherrack"
			},
			"randomizeGenerationAttempts": true,
			"trait": "libraryex:scatter",
			"maximumGenerationHeight": 124,
			"placement": "on_ground"
		}, 
		{
			"generationAttempts": 10,
			"generationStage": "decoration",
			"generationProbability": 1.0,
			"minimumGenerationHeight": 4,
			"blockToSpawn": {
				"block": "minecraft:glowstone"
			},
			"randomizeGenerationAttempts": true,
			"trait": "libraryex:cluster",
			"maximumGenerationHeight": 124,
			"blockToAttachTo": {
				"block": "netherex:fiery_netherrack"
			},
			"direction": "down"
		}, 
		{
			"generationAttempts": 10,
			"generationStage": "decoration",
			"generationProbability": 1.0,
			"minimumGenerationHeight": 1,
			"blockToSpawn": {
				"block": "minecraft:glowstone"
			},
			"randomizeGenerationAttempts": false,
			"trait": "libraryex:cluster",
			"maximumGenerationHeight": 128,
			"blockToAttachTo": {
				"block": "netherex:fiery_netherrack"
			},
			"direction": "down"
		}, 
		{
			"generationAttempts": 32,
			"generationStage": "decoration",
			"generationProbability": 1.0,
			"minimumGenerationHeight": 10,
			"blockToTarget": {
				"block": "netherex:fiery_netherrack"
			},
			"blockToSpawn": {
				"block": "minecraft:flowing_lava"
			},
			"randomizeGenerationAttempts": false,
			"trait": "libraryex:fluid",
			"maximumGenerationHeight": 118,
			"generateFalling": true
		}, 
		{
			"generationAttempts": 16,
			"generationStage": "ore",
			"generationProbability": 1.0,
			"minimumGenerationHeight": 10,
			"veinSize": 14,
			"blockToSpawn": {
				"block": "netherex:quartz_ore"
			},
			"randomizeGenerationAttempts": false,
			"blockToReplace": {
				"block": "netherex:fiery_netherrack"
			},
			"trait": "libraryex:ore",
			"maximumGenerationHeight": 108
		}, 
		{
			"generationAttempts": 16,
			"generationStage": "ore",
			"generationProbability": 1.0,
			"minimumGenerationHeight": 10,
			"veinSize": 24,
			"blockToSpawn": {
				"block": "netherex:basalt"
			},
			"randomizeGenerationAttempts": false,
			"blockToReplace": {
				"block": "netherex:fiery_netherrack"
			},
			"trait": "libraryex:ore",
			"maximumGenerationHeight": 108
		}, 
		{
			"generationAttempts": 8,
			"generationStage": "ore",
			"generationProbability": 1.0,
			"minimumGenerationHeight": 10,
			"veinSize": 32,
			"blockToSpawn": {
				"block": "minecraft:magma"
			},
			"randomizeGenerationAttempts": false,
			"blockToReplace": {
				"block": "netherex:fiery_netherrack"
			},
			"trait": "libraryex:ore",
			"maximumGenerationHeight": 108
		}
	],
	"subBiomes": []
}